Designator,Mid X,Mid Y,Layer,Rotation
C1,72.500000,-67.000000,T,90.000000
C2,81.500000,-67.000000,T,90.000000
C3,90.500000,-67.000000,T,90.000000
C4,99.500000,-67.000000,T,90.000000
C5,108.500000,-67.000000,T,90.000000
C6,117.500000,-67.000000,T,90.000000
C7,128.000000,-66.000000,T,0.000000
C8,128.000000,-72.000000,T,0.000000
C9,135.000000,-68.000000,T,0.000000
C10,141.000000,-62.000000,T,0.000000
C11,141.000000,-68.000000,T,0.000000
C12,64.000000,-90.000000,T,0.000000
C13,80.000000,-99.000000,T,0.000000
C14,84.000000,-90.000000,T,0.000000
C15,101.000000,-99.000000,T,0.000000
C16,79.000000,-105.000000,T,0.000000
C17,79.000000,-109.000000,T,0.000000
C18,70.000000,-111.000000,T,0.000000
C19,104.000000,-90.000000,T,0.000000
C20,121.000000,-99.000000,T,0.000000
C21,142.000000,-75.000000,T,0.000000
C22,131.000000,-79.000000,T,0.000000
C23,142.000000,-79.000000,T,0.000000
C24,142.000000,-87.000000,T,0.000000
C25,137.000000,-95.000000,T,0.000000
C26,131.000000,-91.000000,T,0.000000
C27,56.000000,-74.000000,T,0.000000
C28,73.000000,-115.000000,T,0.000000
C29,87.000000,-114.000000,T,0.000000
C30,93.000000,-114.000000,T,0.000000
C31,106.000000,-112.000000,T,0.000000
C32,112.000000,-112.000000,T,0.000000
C33,104.000000,-123.000000,T,0.000000
C34,129.000000,-109.000000,T,0.000000
C35,138.000000,-110.000000,T,0.000000
C103,77.500000,-67.000000,T,90.000000
C104,72.500000,-73.000000,T,90.000000
C105,77.500000,-73.000000,T,90.000000
C106,86.500000,-67.000000,T,90.000000
C107,81.500000,-73.000000,T,90.000000
C108,86.500000,-73.000000,T,90.000000
C109,95.500000,-67.000000,T,90.000000
C110,90.500000,-73.000000,T,90.000000
C111,95.500000,-73.000000,T,90.000000
C112,104.500000,-67.000000,T,90.000000
C113,99.500000,-73.000000,T,90.000000
C114,104.500000,-73.000000,T,90.000000
C115,113.500000,-67.000000,T,90.000000
C116,108.500000,-73.000000,T,90.000000
C117,113.500000,-73.000000,T,90.000000
C118,122.500000,-67.000000,T,90.000000
C119,117.500000,-73.000000,T,90.000000
C120,122.500000,-73.000000,T,90.000000
D1,79.000000,-94.000000,T,0.000000
D2,99.000000,-93.000000,T,0.000000
D3,74.000000,-106.000000,T,0.000000
D4,119.000000,-93.000000,T,0.000000
D5,136.000000,-79.000000,T,0.000000
D6,136.000000,-87.000000,T,0.000000
FPC1,100.000000,-55.000000,T,0.000000
L1,74.000000,-85.000000,T,0.000000
L2,94.000000,-85.000000,T,0.000000
L3,114.000000,-85.000000,T,0.000000
L4,98.000000,-119.000000,T,0.000000
L5,96.000000,-111.000000,T,0.000000
Q1,74.000000,-95.000000,T,0.000000
Q3,70.000000,-107.000000,T,0.000000
Q4,65.000000,-107.000000,T,0.000000
Q6,131.000000,-87.000000,T,0.000000
Q7,114.000000,-95.000000,T,0.000000
Q8,94.000000,-95.000000,T,0.000000
Q9,118.000000,-118.000000,T,0.000000
Q10,138.000000,-117.000000,T,0.000000
R1,122.000000,-62.000000,T,0.000000
R2,69.000000,-98.000000,T,0.000000
R3,89.000000,-98.000000,T,0.000000
R4,89.000000,-102.000000,T,0.000000
R5,89.000000,-94.000000,T,0.000000
R6,100.000000,-95.000000,T,0.000000
R7,84.000000,-105.000000,T,0.000000
R8,84.000000,-108.000000,T,0.000000
R9,87.000000,-105.000000,T,0.000000
R10,84.000000,-111.000000,T,0.000000
R11,65.000000,-111.000000,T,0.000000
R12,61.000000,-111.000000,T,0.000000
R13,109.000000,-98.000000,T,0.000000
R14,109.000000,-102.000000,T,0.000000
R15,109.000000,-94.000000,T,0.000000
R16,120.000000,-95.000000,T,0.000000
R17,141.000000,-91.000000,T,0.000000
R18,141.000000,-95.000000,T,0.000000
R19,142.000000,-83.000000,T,0.000000
R20,59.000000,-70.000000,T,0.000000
R21,64.000000,-70.000000,T,0.000000
R22,59.000000,-83.000000,T,0.000000
R24,80.000000,-61.000000,T,0.000000
R25,80.000000,-63.500000,T,0.000000
R26,70.000000,-119.000000,T,0.000000
R27,77.000000,-119.000000,T,0.000000
R28,87.000000,-119.000000,T,0.000000
R29,78.000000,-123.000000,T,0.000000
R30,82.000000,-123.000000,T,0.000000
R31,101.000000,-111.000000,T,0.000000
R32,124.000000,-105.000000,T,0.000000
R33,103.000000,-119.000000,T,0.000000
R34,108.000000,-119.000000,T,0.000000
R35,80.000000,-59.000000,T,0.000000
R36,90.000000,-53.500000,T,0.000000
R37,118.000000,-122.000000,T,0.000000
R38,141.000000,-120.000000,T,0.000000
R39,99.000000,-127.000000,T,0.000000
R40,104.000000,-127.000000,T,0.000000
R41,109.000000,-127.000000,T,0.000000
R42,114.000000,-127.000000,T,0.000000
R43,118.000000,-125.000000,T,0.000000
R44,99.000000,-108.000000,T,0.000000
R45,104.000000,-108.000000,T,0.000000
R46,109.000000,-108.000000,T,0.000000
R47,114.000000,-108.000000,T,0.000000
R48,119.000000,-108.000000,T,0.000000
U1,74.000000,-100.000000,T,0.000000
U2,94.000000,-100.000000,T,0.000000
U3,114.000000,-100.000000,T,0.000000
U4,62.000000,-77.000000,T,0.000000
U5,82.000000,-119.000000,T,0.000000
U6,123.000000,-114.000000,T,0.000000
U7,132.000000,-114.000000,T,0.000000
