记录类型,原型号,采购型号,位号,每板数量,封装,品牌,立创编号,价格状态,查询日期,最小起订量,购买倍数,现货数量,价格梯度_CNY,技术状态,采购建议,价格来源,淘宝检索词,1板无备品需求量,1板无备品购买量,1板无备品单价_CNY,1板无备品付款_CNY,1板无备品每板实际用料_CNY,1板无备品剩余量,1板含备品需求量,1板含备品购买量,1板含备品单价_CNY,1板含备品付款_CNY,1板含备品每板实际用料_CNY,1板含备品剩余量,5板无备品需求量,5板无备品购买量,5板无备品单价_CNY,5板无备品付款_CNY,5板无备品每板实际用料_CNY,5板无备品剩余量,5板含备品需求量,5板含备品购买量,5板含备品单价_CNY,5板含备品付款_CNY,5板含备品每板实际用料_CNY,5板含备品剩余量,采购渠道,报价币种,税费口径,供货状态,报价证据口径,价格梯度_报价币种,1板无备品单价_报价币种,1板无备品付款_报价币种,1板无备品每板实际用料_报价币种,1板含备品单价_报价币种,1板含备品付款_报价币种,1板含备品每板实际用料_报价币种,5板无备品单价_报价币种,5板无备品付款_报价币种,5板无备品每板实际用料_报价币种,5板含备品单价_报价币种,5板含备品付款_报价币种,5板含备品每板实际用料_报价币种
原型号,RC0805JR-070RL,RC0805JR-070RL,R49,1,0805,Yageo,C96345,国内网页实时梯度价,2026-10-08,100,100,3007500,100+:0.0325; 1000+:0.026; 5000+:0.0216; 10000+:0.0194; 50000+:0.0176; 100000+:0.0165,原设计保留；未做实板验证,保留0Ω调试隔离；淘宝可买0805零欧，但核对允许电流。,https://item.szlcsc.com/97549.html,RC0805JR-070RL 0805 小份装 原装,1,100,0.0325,3.25,0.03,99,3,100,0.0325,3.25,0.03,97,5,100,0.0325,3.25,0.03,95,7,100,0.0325,3.25,0.03,93,立创,CNY,国内页面公开价,国内网页实时梯度价,上一轮2026-10-08国内网页记录,100+:0.0325; 1000+:0.026; 5000+:0.0216; 10000+:0.0194; 50000+:0.0176; 100000+:0.0165,0.0325,3.25,0.03,0.0325,3.25,0.03,0.0325,3.25,0.03,0.0325,3.25,0.03
原型号,WSL1206R2000FEA,WSL1206R2000FEA,"U1,U2,U3",3,1206,Vishay,C2073442,公开网页报价；下单复核,2026-10-08,1,1,47228,,原设计保留；未做实板验证,精确原型号金属采样电阻；保留0.2Ω、1%、0.25W和脉冲指标。国内分类页另见1+¥6.12，但缺完整梯度，采用美元剪切带报价。,https://www.digikey.com/en/products/detail/vishay-dale/WSL1206R2000FEA/712503,WSL1206R2000FEA 1206 小份装 原装,3,3,,,,0,5,5,,,,0,15,15,,,,0,17,17,,,,0,DigiKey,USD,国际站美元报价；中国税费/运费未确认,公开网页报价；下单复核,2026-10-08公开网页/搜索索引快照；非结账锁价,1+:0.74; 10+:0.445; 25+:0.3792; 50+:0.3408; 100+:0.3106,0.74,2.22,2.22,0.74,3.70,2.22,0.445,6.68,1.34,0.445,7.57,1.34
原型号,RC0603FR-071K5L,RC0603FR-071K5L,R12,1,0603,Yageo,C114668,国内网页实时梯度价,2026-10-08,100,100,839400,100+:0.0214; 1000+:0.0164; 5000+:0.0137; 10000+:0.0125; 50000+:0.011,原设计保留；未做实板验证,分压/反馈；保留1.5kΩ±1%，不改阻值。,https://item.szlcsc.com/115912.html,RC0603FR-071K5L 0603 小份装 原装,1,100,0.0214,2.14,0.02,99,3,100,0.0214,2.14,0.02,97,5,100,0.0214,2.14,0.02,95,7,100,0.0214,2.14,0.02,93,立创,CNY,国内页面公开价,国内网页实时梯度价,上一轮2026-10-08国内网页记录,100+:0.0214; 1000+:0.0164; 5000+:0.0137; 10000+:0.0125; 50000+:0.011,0.0214,2.14,0.02,0.0214,2.14,0.02,0.0214,2.14,0.02,0.0214,2.14,0.02
原型号,RC0603FR-07100KL,RC0603FR-07100KL,"R11,R30,R35,R36,R44,R45,R46,R47,R48",9,0603,Yageo,C14675,国内网页实时梯度价,2026-10-08,100,100,7976200,100+:0.0158; 1000+:0.0127; 5000+:0.0112; 10000+:0.0104; 50000+:0.0097,原设计保留；未做实板验证,上拉/下拉与默认状态；可换合格0603 100kΩ±1%厚膜。,https://item.szlcsc.com/15343.html,RC0603FR-07100KL 0603 小份装 原装,9,100,0.0158,1.58,0.14,91,11,100,0.0158,1.58,0.14,89,45,100,0.0158,1.58,0.14,55,47,100,0.0158,1.58,0.14,53,立创,CNY,国内页面公开价,国内网页实时梯度价,上一轮2026-10-08国内网页记录,100+:0.0158; 1000+:0.0127; 5000+:0.0112; 10000+:0.0104; 50000+:0.0097,0.0158,1.58,0.14,0.0158,1.58,0.14,0.0158,1.58,0.14,0.0158,1.58,0.14
原型号,GRM188R71H104KA93D,GRM188R71H104KA93D,"C27,C33",2,0603,Murata,C77055,国内网页实时梯度价,2026-10-08,50,50,1100600,50+:0.1034; 500+:0.0776; 1500+:0.0661; 4000+:0.0575; 24000+:0.054; 48000+:0.0517,原设计保留；未做实板验证,局部去耦；保留0603 100nF/50V X7R。,https://item.szlcsc.com/78182.html,GRM188R71H104KA93D 0603 小份装 原装,2,50,0.1034,5.17,0.21,48,4,50,0.1034,5.17,0.21,46,10,50,0.1034,5.17,0.21,40,12,50,0.1034,5.17,0.21,38,立创,CNY,国内页面公开价,国内网页实时梯度价,上一轮2026-10-08国内网页记录,50+:0.1034; 500+:0.0776; 1500+:0.0661; 4000+:0.0575; 24000+:0.054; 48000+:0.0517,0.1034,5.17,0.21,0.1034,5.17,0.21,0.1034,5.17,0.21,0.1034,5.17,0.21
原型号,GRM32ER60J107ME20L,GRM32ER60J107ME20L,"C31,C32",2,1210,Murata,C88154,国内网页实时梯度价,2026-10-08,5,5,19720,5+:2.9282; 50+:2.6312; 150+:2.4862; 1000+:2.3569; 2000+:2.3214; 5000+:2.3,原设计保留；未做实板验证,3.3V储能；保留100µF/6.3V与偏压后的有效容量，不能按标称容量盲换。,https://item.szlcsc.com/89332.html,GRM32ER60J107ME20L 1210 小份装 原装,2,5,2.9282,14.64,5.86,3,4,5,2.9282,14.64,5.86,1,10,10,2.9282,29.28,5.86,0,12,15,2.9282,43.92,5.86,3,立创,CNY,国内页面公开价,国内网页实时梯度价,上一轮2026-10-08国内网页记录,5+:2.9282; 50+:2.6312; 150+:2.4862; 1000+:2.3569; 2000+:2.3214; 5000+:2.3,2.9282,14.64,5.86,2.9282,14.64,5.86,2.9282,29.28,5.86,2.9282,43.92,5.86
原型号,GRM32ER71H106KA12L,GRM32ER71H106KA12L,"C1,C103,C104,C106,C107,C109,C110,C112,C113,C115,C116,C118,C119,C13,C15,C2,C20,C3,C4,C5,C6,C7",22,1210,Murata,C77102,国内网页实时梯度价,2026-10-08,5,5,5120,5+:2.0223; 50+:1.6562; 150+:1.4775; 1000+:1.2961; 2000+:1.2523; 5000+:1.226,原设计保留；未做实板验证,22只10µF/50V分布在输入、高压储能与六组源极电容；华瓷候选仅标称参数通过，偏压/ESR/纹波尚待验证。,https://item.szlcsc.com/78229.html,GRM32ER71H106KA12L 1210 小份装 原装,22,25,2.0223,50.56,44.49,3,24,25,2.0223,50.56,44.49,1,110,110,1.6562,182.18,36.44,0,112,115,1.6562,190.46,36.44,3,立创,CNY,国内页面公开价,国内网页实时梯度价,上一轮2026-10-08国内网页记录,5+:2.0223; 50+:1.6562; 150+:1.4775; 1000+:1.2961; 2000+:1.2523; 5000+:1.226,2.0223,50.56,44.49,2.0223,50.56,44.49,1.6562,182.18,36.44,1.6562,190.46,36.44
原型号,RC0603FR-07110KL,RC0603FR-07110KL,R8,1,0603,Yageo,C137807,国内网页实时梯度价,2026-10-08,100,100,136100,100+:0.0333; 1000+:0.0277; 5000+:0.0247; 10000+:0.0225; 50000+:0.0207,原设计保留；未做实板验证,反馈分压110kΩ；可同规格换品牌，不能用100kΩ替换。,https://item.szlcsc.com/149123.html,RC0603FR-07110KL 0603 小份装 原装,1,100,0.0333,3.33,0.03,99,3,100,0.0333,3.33,0.03,97,5,100,0.0333,3.33,0.03,95,7,100,0.0333,3.33,0.03,93,立创,CNY,国内页面公开价,国内网页实时梯度价,上一轮2026-10-08国内网页记录,100+:0.0333; 1000+:0.0277; 5000+:0.0247; 10000+:0.0225; 50000+:0.0207,0.0333,3.33,0.03,0.0333,3.33,0.03,0.0333,3.33,0.03,0.0333,3.33,0.03
原型号,MSS1246-153MLC,MSS1246-153MLC,"L1,L2,L3",3,MSS1246,Coilcraft,,有价但库存冲突；不足3只，未闭环,2026-10-08,1,1,1,,原设计保留；未做实板验证,不同地区缓存为1/203/215只，不能相加或按203只保证现货；部分页200只预计2026-11-30，厂期13周。原厂网页同时显示不可购买配置。,https://br.mouser.com/en/ProductDetail/Coilcraft/MSS1246-153MLC?qs=sGAEpiMZZMv126LJFLh8y87RAMOD9eCR3Y6M1GMNLs8%3D,MSS1246-153MLC MSS1246 小份装 原装,3,3,,,,0,5,5,,,,0,15,15,,,,0,17,17,,,,0,Mouser,USD,国际站美元报价；中国税费/运费未确认,有价但库存冲突；不足3只，未闭环,2026-10-08公开网页/搜索索引快照；非结账锁价,1+:2.14; 10+:1.82; 25+:1.68; 100+:1.25,2.14,6.42,6.42,2.14,10.70,6.42,1.82,27.30,5.46,1.82,30.94,5.46
原型号,RC0603FR-0716KL,RC0603FR-0716KL,R18,1,0603,Yageo,C137788,国内网页实时梯度价,2026-10-08,100,100,319200,100+:0.0301; 1000+:0.0249; 5000+:0.0222; 10000+:0.0209; 50000+:0.0192,原设计保留；未做实板验证,反馈分压16kΩ；保持阻值和精度。,https://item.szlcsc.com/149104.html,RC0603FR-0716KL 0603 小份装 原装,1,100,0.0301,3.01,0.03,99,3,100,0.0301,3.01,0.03,97,5,100,0.0301,3.01,0.03,95,7,100,0.0301,3.01,0.03,93,立创,CNY,国内页面公开价,国内网页实时梯度价,上一轮2026-10-08国内网页记录,100+:0.0301; 1000+:0.0249; 5000+:0.0222; 10000+:0.0209; 50000+:0.0192,0.0301,3.01,0.03,0.0301,3.01,0.03,0.0301,3.01,0.03,0.0301,3.01,0.03
原型号,RC0603FR-071ML,RC0603FR-071ML,"R13,R2,R3",3,0603,Yageo,C105578,国内网页实时梯度价,2026-10-08,100,100,296100,100+:0.0254; 1000+:0.021; 5000+:0.0186; 10000+:0.0172; 50000+:0.0158,原设计保留；未做实板验证,高阻反馈/偏置；可同规格换品牌，保留1MΩ±1%。,https://item.szlcsc.com/106793.html,RC0603FR-071ML 0603 小份装 原装,3,100,0.0254,2.54,0.08,97,5,100,0.0254,2.54,0.08,95,15,100,0.0254,2.54,0.08,85,17,100,0.0254,2.54,0.08,83,立创,CNY,国内页面公开价,国内网页实时梯度价,上一轮2026-10-08国内网页记录,100+:0.0254; 1000+:0.021; 5000+:0.0186; 10000+:0.0172; 50000+:0.0158,0.0254,2.54,0.08,0.0254,2.54,0.08,0.0254,2.54,0.08,0.0254,2.54,0.08
原型号,C0805C102J5GACTU,C0805C102J5GACTU,C36,1,0805,KEMET,C2167084,公开网页报价；下单复核,2026-10-08,1,1,303043,1+:1.41; 10+:0.786; 50+:0.5508; 100+:0.4772,原设计保留；未做实板验证,负载开关CT定时；1nF/50V C0G±5% 0805。不能简单换X7R或删除。,https://www.digikey.cn/zh/products/detail/kemet/C0805C102J5GACTU/411135,C0805C102J5GACTU 0805 小份装 原装,1,1,1.41,1.41,1.41,0,3,3,1.41,4.23,1.41,0,5,5,1.41,7.05,1.41,0,7,10,0.786,7.86,0.79,3,DigiKey,CNY,含13%增值税；人民币站,公开网页报价；下单复核,2026-10-08公开网页/搜索索引快照；非结账锁价,1+:1.41; 10+:0.786; 50+:0.5508; 100+:0.4772,1.41,1.41,1.41,1.41,4.23,1.41,1.41,7.05,1.41,0.786,7.86,0.79
原型号,GRM21BR71H105KA12L,GRM21BR71H105KA12L,"C22,C25",2,0805,Murata,C77083,国内网页实时梯度价,2026-10-08,10,10,105580,10+:0.2589; 100+:0.2099; 300+:0.1847; 3000+:0.1639; 6000+:0.1567; 9000+:0.1517,原设计保留；未做实板验证,高压滤波/去耦；保留1µF/50V X7R 0805。,https://item.szlcsc.com/78210.html,GRM21BR71H105KA12L 0805 小份装 原装,2,10,0.2589,2.59,0.52,8,4,10,0.2589,2.59,0.52,6,10,10,0.2589,2.59,0.52,0,12,20,0.2589,5.18,0.52,8,立创,CNY,国内页面公开价,国内网页实时梯度价,上一轮2026-10-08国内网页记录,10+:0.2589; 100+:0.2099; 300+:0.1847; 3000+:0.1639; 6000+:0.1567; 9000+:0.1517,0.2589,2.59,0.52,0.2589,2.59,0.52,0.2589,2.59,0.52,0.2589,5.18,0.52
原型号,RC0603FR-072R2L,RC0603FR-072R2L,"R10,R19",2,0603,Yageo,C112307,公开网页报价；下单复核,2026-10-08,1,1,24831,,原设计保留；未做实板验证,小阻值支路；保留2.2Ω及功率/脉冲能力。,https://www.digikey.com/en/products/detail/yageo/RC0603FR-072R2L/2827592,RC0603FR-072R2L 0603 小份装 原装,2,2,,,,0,4,4,,,,0,10,10,,,,0,12,12,,,,0,DigiKey,USD,国际站美元报价；中国税费/运费未确认,公开网页报价；下单复核,2026-10-08公开网页/搜索索引快照；非结账锁价,1+:0.1; 10+:0.04; 25+:0.03; 50+:0.0246; 100+:0.0203,0.1,0.20,0.20,0.1,0.40,0.20,0.04,0.40,0.08,0.04,0.48,0.08
原型号,GRM32ER71H225KA88L,GRM32ER71H225KA88L,C28,1,1210,Murata,,原型号库存0/MOQ2000，无价格；另有候选,2026-10-08,,,,,原设计保留；未做实板验证,滤波/定时支路；保留2.2µF/50V X7R 1210。,https://www.oneyac.com/product/245271.html,GRM32ER71H225KA88L 1210 小份装 原装,1,,,,,,3,,,,,,5,,,,,,7,,,,,,,,,原型号库存0/MOQ2000，无价格；另有候选,,,,,,,,,,,,,,
原型号,GRM21BR71H224KA01L,GRM21BR71H224KA01L,C18,1,0805,Murata,C86042,国内网页实时梯度价,2026-10-08,5,5,8475,5+:0.6756; 50+:0.5748; 150+:0.5243; 500+:0.4865; 3000+:0.3513; 6000+:0.3361,原设计保留；未做实板验证,滤波；保留220nF/50V X7R 0805。,https://item.szlcsc.com/87218.html,GRM21BR71H224KA01L 0805 小份装 原装,1,5,0.6756,3.38,0.68,4,3,5,0.6756,3.38,0.68,2,5,5,0.6756,3.38,0.68,0,7,10,0.6756,6.76,0.68,3,立创,CNY,国内页面公开价,国内网页实时梯度价,上一轮2026-10-08国内网页记录,5+:0.6756; 50+:0.5748; 150+:0.5243; 500+:0.4865; 3000+:0.3513; 6000+:0.3361,0.6756,3.38,0.68,0.6756,3.38,0.68,0.6756,3.38,0.68,0.6756,6.76,0.68
原型号,RC0603FR-072KL,RC0603FR-072KL,R1,1,0603,Yageo,C105576,国内网页实时梯度价,2026-10-08,100,100,534700,100+:0.0135; 1000+:0.0105; 5000+:0.0089; 10000+:0.0082; 50000+:0.0072,原设计保留；未做实板验证,反馈/偏置2kΩ；可同规格换品牌。,https://item.szlcsc.com/106791.html,RC0603FR-072KL 0603 小份装 原装,1,100,0.0135,1.35,0.01,99,3,100,0.0135,1.35,0.01,97,5,100,0.0135,1.35,0.01,95,7,100,0.0135,1.35,0.01,93,立创,CNY,国内页面公开价,国内网页实时梯度价,上一轮2026-10-08国内网页记录,100+:0.0135; 1000+:0.0105; 5000+:0.0089; 10000+:0.0082; 50000+:0.0072,0.0135,1.35,0.01,0.0135,1.35,0.01,0.0135,1.35,0.01,0.0135,1.35,0.01
原型号,GRM32DR71H335KA88L,GRM32DR71H335KA88L,"C105,C108,C111,C114,C117,C120",6,1210,Murata,,公开网页报价；下单复核,2026-10-08,1,1,1380,,原设计保留；未做实板验证,NRND但有库存；保留精确原料号。另有Unikey MOQ5/倍数5，5+USD0.4013，独立渠道须核验批次/供货及到手费。,https://www.digikey.com/en/products/detail/murata-electronics/GRM32DR71H335KA88L/702649,GRM32DR71H335KA88L 1210 小份装 原装,6,6,,,,0,8,10,,,,2,30,30,,,,0,32,32,,,,0,DigiKey,USD,国际站美元报价；中国税费/运费未确认,公开网页报价；下单复核,2026-10-08公开网页/搜索索引快照；非结账锁价,1+:1.29; 10+:0.84; 50+:0.6598; 100+:0.6044,1.29,7.74,7.74,0.84,8.40,5.04,0.84,25.20,5.04,0.84,26.88,5.04
原型号,RC0603FR-0733RL,RC0603FR-0733RL,"R39,R40,R41,R42,R43",5,0603,Yageo,C108661,公开网页报价；下单复核,2026-10-08,1,1,1055411,1+:0.83; 10+:0.207; 25+:0.1556; 50+:0.124; 100+:0.1009,原设计保留；未做实板验证,5只USD/CNY档差异以对应站点价格为准；单件起订，但买10只¥2.07比买5只¥4.15便宜。,https://www.digikey.cn/zh/products/detail/yageo/RC0603FR-0733RL/727158,RC0603FR-0733RL 0603 小份装 原装,5,10,0.207,2.07,1.04,5,7,10,0.207,2.07,1.04,3,25,25,0.1556,3.89,0.78,0,27,27,0.1556,4.20,0.78,0,DigiKey,CNY,含13%增值税；人民币站,公开网页报价；下单复核,2026-10-08公开网页/搜索索引快照；非结账锁价,1+:0.83; 10+:0.207; 25+:0.1556; 50+:0.124; 100+:0.1009,0.207,2.07,1.04,0.207,2.07,1.04,0.1556,3.89,0.78,0.1556,4.20,0.78
原型号,TSW-102-07-G-S,TSW-102-07-G-S,J1,1,PinHeader 1x02 2.54mm,Samtec,C7402729,公开网页报价；下单复核,2026-10-08,1,1,23704,1+:1.74; 10+:1.497; 100+:1.2703,原设计保留；未做实板验证,调试电源入口；可选择尺寸匹配的2.54mm 1×2直排针，按额定电流和插接高度核对。,https://www.digikey.cn/zh/products/detail/samtec-inc/TSW-102-07-G-S/1101325,TSW-102-07-G-S PinHeader 1x02 2.54mm 小份装 原装,1,1,1.74,1.74,1.74,0,2,2,1.74,3.48,1.74,0,5,5,1.74,8.70,1.74,0,6,6,1.74,10.44,1.74,0,DigiKey,CNY,含13%增值税；人民币站,公开网页报价；下单复核,2026-10-08公开网页/搜索索引快照；非结账锁价,1+:1.74; 10+:1.497; 100+:1.2703,1.74,1.74,1.74,1.74,3.48,1.74,1.74,8.70,1.74,1.74,10.44,1.74
原型号,RC0603FR-074K3L,RC0603FR-074K3L,R7,1,0603,Yageo,C137712,国内网页实时梯度价,2026-10-08,100,100,92800,100+:0.0224; 1000+:0.0192; 5000+:0.0175; 10000+:0.0165; 50000+:0.0155,原设计保留；未做实板验证,反馈分压4.3kΩ；不能用4.7kΩ代替。,https://item.szlcsc.com/149028.html,RC0603FR-074K3L 0603 小份装 原装,1,100,0.0224,2.24,0.02,99,3,100,0.0224,2.24,0.02,97,5,100,0.0224,2.24,0.02,95,7,100,0.0224,2.24,0.02,93,立创,CNY,国内页面公开价,国内网页实时梯度价,上一轮2026-10-08国内网页记录,100+:0.0224; 1000+:0.0192; 5000+:0.0175; 10000+:0.0165; 50000+:0.0155,0.0224,2.24,0.02,0.0224,2.24,0.02,0.0224,2.24,0.02,0.0224,2.24,0.02
原型号,RC0603FR-074K7L,RC0603FR-074K7L,"R20,R21",2,0603,Yageo,C99782,国内网页实时梯度价,2026-10-08,100,100,8621200,100+:0.0202; 1000+:0.015; 5000+:0.0124; 10000+:0.0105; 50000+:0.0094,原设计保留；未做实板验证,接口上拉4.7kΩ；可同规格换品牌。,https://item.szlcsc.com/100996.html,RC0603FR-074K7L 0603 小份装 原装,2,100,0.0202,2.02,0.04,98,4,100,0.0202,2.02,0.04,96,10,100,0.0202,2.02,0.04,90,12,100,0.0202,2.02,0.04,88,立创,CNY,国内页面公开价,国内网页实时梯度价,上一轮2026-10-08国内网页记录,100+:0.0202; 1000+:0.015; 5000+:0.0124; 10000+:0.0105; 50000+:0.0094,0.0202,2.02,0.04,0.0202,2.02,0.04,0.0202,2.02,0.04,0.0202,2.02,0.04
原型号,GRM32ER71H475KA88L,GRM32ER71H475KA88L,"C12,C14,C16,C19,C21,C29,C30,C8",8,1210,Murata,C86052,国内网页实时梯度价,2026-10-08,5,5,35465,5+:0.8859; 50+:0.7323; 150+:0.6532; 1000+:0.5881; 2000+:0.5654; 5000+:0.55,原设计保留；未做实板验证,高压储能/电荷泵；保留4.7µF/50V X7R 1210。,https://item.szlcsc.com/87228.html,GRM32ER71H475KA88L 1210 小份装 原装,8,10,0.8859,8.86,7.09,2,10,10,0.8859,8.86,7.09,0,40,40,0.8859,35.44,7.09,0,42,45,0.8859,39.87,7.09,3,立创,CNY,国内页面公开价,国内网页实时梯度价,上一轮2026-10-08国内网页记录,5+:0.8859; 50+:0.7323; 150+:0.6532; 1000+:0.5881; 2000+:0.5654; 5000+:0.55,0.8859,8.86,7.09,0.8859,8.86,7.09,0.8859,35.44,7.09,0.8859,39.87,7.09
原型号,RC0603FR-07400KL,RC0603FR-07400KL,R17,1,0603,Yageo,,原型号未找到可用报价；另有402k/0.1%候选,2026-10-08,,,,,原设计保留；未做实板验证,反馈分压400kΩ；常见390kΩ不等价；需先重算输出才可改值。,,RC0603FR-07400KL 0603 小份装 原装,1,,,,,,3,,,,,,5,,,,,,7,,,,,,,,,原型号未找到可用报价；另有402k/0.1%候选,,,,,,,,,,,,,,
原型号,GRM21BR71H474KA88L,GRM21BR71H474KA88L,"C10,C11,C17,C23,C24,C9",6,0805,Murata,C86043,国内网页实时梯度价,2026-10-08,10,10,8690,10+:0.4347; 100+:0.3578; 300+:0.3194; 3000+:0.2906; 6000+:0.2676,原设计保留；未做实板验证,高压电荷泵/滤波；保留470nF/50V X7R 0805。,https://item.szlcsc.com/87219.html,GRM21BR71H474KA88L 0805 小份装 原装,6,10,0.4347,4.35,2.61,4,8,10,0.4347,4.35,2.61,2,30,30,0.4347,13.04,2.61,0,32,40,0.4347,17.39,2.61,8,立创,CNY,国内页面公开价,国内网页实时梯度价,上一轮2026-10-08国内网页记录,10+:0.4347; 100+:0.3578; 300+:0.3194; 3000+:0.2906; 6000+:0.2676,0.4347,4.35,2.61,0.4347,4.35,2.61,0.4347,13.04,2.61,0.4347,17.39,2.61
原型号,GRM188R71H473KA61D,GRM188R71H473KA61D,C26,1,0603,Murata,,DigiKey停产；另有三星47nF候选,2026-10-08,,,,,原设计保留；未做实板验证,原页面标为停产；候选三星CL10B473KB8NNNC需核对尺寸/有效容量，保持47nF/50V X7R。,https://www.digikey.com/en/products/detail/murata-electronics/GRM188R71H473KA61D/702551,GRM188R71H473KA61D 0603 小份装 原装,1,,,,,,3,,,,,,5,,,,,,7,,,,,,,,,DigiKey停产；另有三星47nF候选,,,,,,,,,,,,,,
原型号,B0530W-7-F,B0530W-7-F,D4,1,SOD-123,Diodes,,公开网页报价；下单复核,2026-10-08,1,1,38934,1+:2.23; 10+:1.365; 25+:1.1248; 50+:0.9742; 100+:0.8468,原设计保留；未做实板验证,采用页面¥2.23剪切带保守报价；其他缓存显示¥2.00，不能混用梯度。,https://www.digikey.cn/zh/products/detail/diodes-incorporated/B0530W-7-F/815315,B0530W-7-F SOD-123 小份装 原装,1,1,2.23,2.23,2.23,0,3,3,2.23,6.69,2.23,0,5,5,2.23,11.15,2.23,0,7,10,1.365,13.65,1.37,3,DigiKey,CNY,含13%增值税；人民币站,公开网页报价；下单复核,2026-10-08公开网页/搜索索引快照；非结账锁价,1+:2.23; 10+:1.365; 25+:1.1248; 50+:0.9742; 100+:0.8468,2.23,2.23,2.23,2.23,6.69,2.23,2.23,11.15,2.23,1.365,13.65,1.37
原型号,BAT54S-7-F,BAT54S-7-F,"D3,D5,D6",3,SOT-23,Diodes,C83574,国内网页实时梯度价,2026-10-08,5,5,14690,5+:0.7044; 50+:0.5855; 150+:0.526; 500+:0.4814; 3000+:0.4268; 6000+:0.409,原设计保留；未做实板验证,串联双肖特基；须保持BAT54S连接形式及引脚，不能换BAT54A/C或单管BAT54。,https://item.szlcsc.com/84739.html,BAT54S-7-F SOT-23 小份装 原装,3,5,0.7044,3.52,2.11,2,5,5,0.7044,3.52,2.11,0,15,15,0.7044,10.57,2.11,0,17,20,0.7044,14.09,2.11,3,立创,CNY,国内页面公开价,国内网页实时梯度价,上一轮2026-10-08国内网页记录,5+:0.7044; 50+:0.5855; 150+:0.526; 500+:0.4814; 3000+:0.4268; 6000+:0.409,0.7044,3.52,2.11,0.7044,3.52,2.11,0.7044,10.57,2.11,0.7044,14.09,2.11
原型号,DMN3065LW-7,DMN3065LW-7,"Q1,Q4",2,SOT-323,Diodes,C150506,国内网页实时梯度价,2026-10-08,5,5,1225,5+:1.725; 50+:1.3747; 150+:1.2245; 500+:1.0372,原设计保留；未做实板验证,升压/偏置N-MOS；保留SOT-323脚位、3.3V栅压下Rds(on)、Qg和耐压。,https://item.szlcsc.com/161844.html,DMN3065LW-7 SOT-323 小份装 原装,2,5,1.725,8.63,3.45,3,4,5,1.725,8.63,3.45,1,10,10,1.725,17.25,3.45,0,12,15,1.725,25.88,3.45,3,立创,CNY,国内页面公开价,国内网页实时梯度价,上一轮2026-10-08国内网页记录,5+:1.725; 50+:1.3747; 150+:1.2245; 500+:1.0372,1.725,8.63,3.45,1.725,8.63,3.45,1.725,17.25,3.45,1.725,25.88,3.45
原型号,DMP3068L-7,DMP3068L-7,Q8,1,SOT-23,Diodes,C151010,国内网页实时梯度价,2026-10-08,5,5,25830,5+:1.3727; 50+:1.1187; 150+:1.0098; 500+:0.874; 3000+:0.7696; 6000+:0.7333,原设计保留；未做实板验证,负电源P-MOS；核对Vgs=-2.5/-3.3V的导通能力和负压尖峰。,https://item.szlcsc.com/162350.html,DMP3068L-7 SOT-23 小份装 原装,1,5,1.3727,6.86,1.37,4,3,5,1.3727,6.86,1.37,2,5,5,1.3727,6.86,1.37,0,7,10,1.3727,13.73,1.37,3,立创,CNY,国内页面公开价,国内网页实时梯度价,上一轮2026-10-08国内网页记录,5+:1.3727; 50+:1.1187; 150+:1.0098; 500+:0.874; 3000+:0.7696; 6000+:0.7333,1.3727,6.86,1.37,1.3727,6.86,1.37,1.3727,6.86,1.37,1.3727,13.73,1.37
原型号,FPC-05FB-60PH20,FPC-05FB-60PH20,FPC1,1,Driver:FPC_05FB_60PH20,Xunpu,C2856839,国内网页实时梯度价,2026-10-08,1,1,7671,1+:2.451; 10+:1.957; 30+:1.7385; 100+:1.4725; 500+:1.3585; 1500+:1.1685,原设计保留；未做实板验证,已匹配60Pin/0.5mm/0.3mm排线的插座；保留原型号，避免接触面/锁扣/焊盘不符。,https://item.szlcsc.com/3056937.html,FPC-05FB-60PH20 Driver:FPC_05FB_60PH20 小份装 原装,1,1,2.451,2.45,2.45,0,2,2,2.451,4.90,2.45,0,5,5,2.451,12.26,2.45,0,6,6,2.451,14.71,2.45,0,立创,CNY,国内页面公开价,国内网页实时梯度价,上一轮2026-10-08国内网页记录,1+:2.451; 10+:1.957; 30+:1.7385; 100+:1.4725; 500+:1.3585; 1500+:1.1685,2.451,2.45,2.45,2.451,4.90,2.45,2.451,12.26,2.45,2.451,14.71,2.45
原型号,TSW-108-07-G-D,TSW-108-07-G-D,J2,1,PinHeader 2x08 2.54mm,Samtec,,厂方供货2096；本地库存快照冲突,2026-10-08,1,1,0,1+:11.99; 10+:10.154; 100+:8.6278,原设计保留；未做实板验证,厂方2096只，按订单供货，页面厂期2周；另缓存现货1676，按保守厂方供货处理。,https://www.digikey.cn/zh/products/detail/samtec-inc/TSW-108-07-G-D/1101269,TSW-108-07-G-D PinHeader 2x08 2.54mm 小份装 原装,1,1,11.99,11.99,11.99,0,2,2,11.99,23.98,11.99,0,5,5,11.99,59.95,11.99,0,6,6,11.99,71.94,11.99,0,DigiKey,CNY,含13%增值税；人民币站,厂方供货2096；本地库存快照冲突,2026-10-08公开网页/搜索索引快照；非结账锁价,1+:11.99; 10+:10.154; 100+:8.6278,11.99,11.99,11.99,11.99,23.98,11.99,11.99,59.95,11.99,11.99,71.94,11.99
原型号,MBR230S1F-7,MBR230S1F-7,"D1,D2",2,SOD-123F,Diodes,,公开网页报价；下单复核,2026-10-08,1,1,1806,1+:4.88; 10+:3.027; 25+:2.514; 50+:2.1932; 100+:1.9228,原设计保留；未做实板验证,功率肖特基；保留30V/2A、SOD-123F，核对生命周期及尖峰余量。,https://www.digikey.cn/zh/products/detail/diodes-incorporated/MBR230S1F-7/4948462,MBR230S1F-7 SOD-123F 小份装 原装,2,2,4.88,9.76,9.76,0,4,4,4.88,19.52,9.76,0,10,10,3.027,30.27,6.05,0,12,12,3.027,36.32,6.05,0,DigiKey,CNY,含13%增值税；人民币站,公开网页报价；下单复核,2026-10-08公开网页/搜索索引快照；非结账锁价,1+:4.88; 10+:3.027; 25+:2.514; 50+:2.1932; 100+:1.9228,4.88,9.76,9.76,4.88,19.52,9.76,3.027,30.27,6.05,3.027,36.32,6.05
原型号,MMBT3904-7-F,MMBT3904-7-F,Q6,1,SOT-23,Diodes,C94514,国内网页实时梯度价,2026-10-08,10,10,263050,10+:0.3922; 100+:0.3201; 300+:0.2841; 3000+:0.2571; 6000+:0.2355; 9000+:0.2247,原设计保留；未做实板验证,NPN驱动；廉价同类须确认SOT-23脚位、增益/电流/耐压。,https://item.szlcsc.com/95712.html,MMBT3904-7-F SOT-23 小份装 原装,1,10,0.3922,3.92,0.39,9,3,10,0.3922,3.92,0.39,7,5,10,0.3922,3.92,0.39,5,7,10,0.3922,3.92,0.39,3,立创,CNY,国内页面公开价,国内网页实时梯度价,上一轮2026-10-08国内网页记录,10+:0.3922; 100+:0.3201; 300+:0.2841; 3000+:0.2571; 6000+:0.2355; 9000+:0.2247,0.3922,3.92,0.39,0.3922,3.92,0.39,0.3922,3.92,0.39,0.3922,3.92,0.39
原型号,MMBT3906-7-F,MMBT3906-7-F,Q3,1,SOT-23,Diodes,C82762,国内网页实时梯度价,2026-10-08,10,10,37700,10+:0.3728; 100+:0.2938; 300+:0.2544; 3000+:0.2248; 6000+:0.2011; 9000+:0.1892,原设计保留；未做实板验证,PNP驱动；不能拿NPN替换，核对脚位/增益/耐压。,https://item.szlcsc.com/83922.html,MMBT3906-7-F SOT-23 小份装 原装,1,10,0.3728,3.73,0.37,9,3,10,0.3728,3.73,0.37,7,5,10,0.3728,3.73,0.37,5,7,10,0.3728,3.73,0.37,3,立创,CNY,国内页面公开价,国内网页实时梯度价,上一轮2026-10-08国内网页记录,10+:0.3728; 100+:0.2938; 300+:0.2544; 3000+:0.2248; 6000+:0.2011; 9000+:0.1892,0.3728,3.73,0.37,0.3728,3.73,0.37,0.3728,3.73,0.37,0.3728,3.73,0.37
原型号,PJA3433_R1_00001,PJA3433_R1_00001,Q7,1,SOT-23,Panjit,,公开网页报价；下单复核,2026-10-08,1,1,9001,1+:2.65; 10+:1.621; 50+:1.1578; 100+:1.0081,原设计保留；未做实板验证,"精确P-MOS原型号；另页面库存1只，需复核9,001库存，贸泽有原型号小量报价备选；型号驱动疑问不因有货而解决。",https://www.digikey.cn/zh/products/detail/panjit-international-inc/PJA3433-R1-00001/14661637,PJA3433_R1_00001 SOT-23 小份装 原装,1,1,2.65,2.65,2.65,0,3,3,2.65,7.95,2.65,0,5,5,2.65,13.25,2.65,0,7,10,1.621,16.21,1.62,3,DigiKey,CNY,含13%增值税；人民币站,公开网页报价；下单复核,2026-10-08公开网页/搜索索引快照；非结账锁价,1+:2.65; 10+:1.621; 50+:1.1578; 100+:1.0081,2.65,2.65,2.65,2.65,7.95,2.65,2.65,13.25,2.65,1.621,16.21,1.62
原型号,TCN75AVOA713,TCN75AVOA713,U4,1,SOIC-8,Microchip,C144313,国内网页实时梯度价,2026-10-08,1,1,448,1+:7.8; 10+:6.61; 30+:5.96; 100+:5.22,原设计保留；未做实板验证,I2C温度传感器；影响温度适配，保留Microchip原型号。国产同名不是已验证等价件。,https://item.szlcsc.com/155645.html,TCN75AVOA713 SOIC-8 小份装 原装,1,1,7.8,7.80,7.80,0,3,3,7.8,23.40,7.80,0,5,5,7.8,39.00,7.80,0,7,7,7.8,54.60,7.80,0,立创,CNY,国内页面公开价,国内网页实时梯度价,上一轮2026-10-08国内网页记录,1+:7.8; 10+:6.61; 30+:5.96; 100+:5.22,7.8,7.80,7.80,7.8,23.40,7.80,7.8,39.00,7.80,7.8,54.60,7.80
原型号,TPS22917DBVR,TPS22917DBVR,U5,1,SOT-23-6,Texas Instruments,C2681320,国内网页实时梯度价,2026-10-08,5,5,22465,5+:2.4481; 50+:1.8942; 150+:1.6568; 500+:1.3606; 3000+:1.2288; 6000+:1.1496,原设计保留；未做实板验证,受控供电/软启动/反向阻断；保留非L的TPS22917，不用普通MOS直接替换。,https://item.szlcsc.com/2775165.html,TPS22917DBVR SOT-23-6 小份装 原装,1,5,2.4481,12.24,2.45,4,3,5,2.4481,12.24,2.45,2,5,5,2.4481,12.24,2.45,0,7,10,2.4481,24.48,2.45,3,立创,CNY,国内页面公开价,国内网页实时梯度价,上一轮2026-10-08国内网页记录,5+:2.4481; 50+:1.8942; 150+:1.6568; 500+:1.3606; 3000+:1.2288; 6000+:1.1496,2.4481,12.24,2.45,2.4481,12.24,2.45,2.4481,12.24,2.45,2.4481,24.48,2.45
候选替代,GRM32ER71H106KA12L,HGC1210R7106K500NSVK,"C1,C103,C104,C106,C107,C109,C110,C112,C113,C115,C116,C118,C119,C13,C15,C2,C20,C3,C4,C5,C6,C7",22,1210,Chinocera(华瓷),C7472976,国内网页实时梯度价,2026-10-08,5,5,39305,5+:1.483; 50+:1.1806; 150+:1.051; 1000+:0.8893; 2000+:0.8173; 5000+:0.774,标称参数通过；同焊盘候选；有效容量/ESR/纹波待验证,保留数量22；验证通过才替换，未写入正式BOM。,https://item.szlcsc.com/8532823.html,HGC1210R7106K500NSVK 1210 小份装 原装,22,25,1.483,37.08,32.63,3,24,25,1.483,37.08,32.63,1,110,110,1.1806,129.87,25.97,0,112,115,1.1806,135.77,25.97,3,立创,CNY,国内页面公开价,国内网页实时梯度价,上一轮2026-10-08国内网页记录,5+:1.483; 50+:1.1806; 150+:1.051; 1000+:0.8893; 2000+:0.8173; 5000+:0.774,1.483,37.08,32.63,1.483,37.08,32.63,1.1806,129.87,25.97,1.1806,135.77,25.97
候选替代,MSS1246-153MLC,SMMS1050-150M,"L1,L2,L3",3,SMMS1050,SXN(顺翔诺),C149545,国内网页实时梯度价,2026-10-08,5,5,600,5+:1.515915; 50+:1.19035; 150+:1.050795; 500+:0.87666; 2500+:0.79914; 5000+:0.75259,改板候选；封装不同；Isat判据/30V绝缘/尖峰与热性能待核验,必须重画封装和布局；不能直接焊在现有MSS1246焊盘后宣布兼容。,https://item.szlcsc.com/160879.html,SMMS1050-150M SMMS1050 小份装 原装,3,5,1.515915,7.58,4.55,2,5,5,1.515915,7.58,4.55,0,15,15,1.515915,22.74,4.55,0,17,20,1.515915,30.32,4.55,3,立创,CNY,国内页面公开价,国内网页实时梯度价,上一轮2026-10-08国内网页记录,5+:1.515915; 50+:1.19035; 150+:1.050795; 500+:0.87666; 2500+:0.79914; 5000+:0.75259,1.515915,7.58,4.55,1.515915,7.58,4.55,1.515915,22.74,4.55,1.515915,30.32,4.55
候选替代,GRM188R71H473KA61D,CL10B473KB8NNNC,C26,1,0603,Samsung,C1622,国内网页实时梯度价,2026-10-08,100,100,401300,100+:0.0357; 1000+:0.0267; 4000+:0.0227; 8000+:0.0197; 48000+:0.0185; 100000+:0.0177,标称参数通过；同焊盘候选；待最终核验,用于处理原47nF电容停产；买100只付款3.57元，不能宣称已证明降本。,https://item.szlcsc.com/1974.html,CL10B473KB8NNNC 0603 小份装 原装,1,100,0.0357,3.57,0.04,99,3,100,0.0357,3.57,0.04,97,5,100,0.0357,3.57,0.04,95,7,100,0.0357,3.57,0.04,93,立创,CNY,国内页面公开价,国内网页实时梯度价,上一轮2026-10-08国内网页记录,100+:0.0357; 1000+:0.0267; 4000+:0.0227; 8000+:0.0197; 48000+:0.0185; 100000+:0.0177,0.0357,3.57,0.04,0.0357,3.57,0.04,0.0357,3.57,0.04,0.0357,3.57,0.04
候选替代,GRM32ER71H106KA12L,CL32B106KBJNNNE,"C1,C103,C104,C106,C107,C109,C110,C112,C113,C115,C116,C118,C119,C13,C15,C2,C20,C3,C4,C5,C6,C7",22,1210,Samsung,C138687,报价可见但现货为0；不纳入可采购预算,2026-10-08,1,1,0,1+:2.0144; 10+:1.5983; 30+:1.3951; 100+:1.2139; 500+:1.1641; 1000+:0.9795,标称参数通过；无现货，排除当前采购,价格可比较但本轮不推荐等待未知交期。,https://item.szlcsc.com/150006.html,CL32B106KBJNNNE 1210 小份装 原装,22,22,1.5983,35.16,35.16,0,24,24,1.5983,38.36,35.16,0,110,110,1.2139,133.53,26.71,0,112,112,1.2139,135.96,26.71,0,立创,CNY,国内页面公开价,报价可见但现货为0；不纳入可采购预算,上一轮2026-10-08国内网页记录,1+:2.0144; 10+:1.5983; 30+:1.3951; 100+:1.2139; 500+:1.1641; 1000+:0.9795,1.5983,35.16,35.16,1.5983,38.36,35.16,1.2139,133.53,26.71,1.2139,135.96,26.71
候选替代,GRM32ER71H106KA12L,CL32B106KBJNNWE,"C1,C103,C104,C106,C107,C109,C110,C112,C113,C115,C116,C118,C119,C13,C15,C2,C20,C3,C4,C5,C6,C7",22,1210,Samsung,C3844168,报价可见但仅3个；不足22个，排除,2026-10-08,1,1,3,1+:4.39; 10+:3.68; 30+:3.37,仅3只库存且更贵，排除,库存不足本板22只；不纳入优化预算。,https://item.szlcsc.com/4412651.html,CL32B106KBJNNWE 1210 小份装 原装,22,22,3.68,80.96,80.96,0,24,24,3.68,88.32,80.96,0,110,110,3.37,370.70,74.14,0,112,112,3.37,377.44,74.14,0,立创,CNY,国内页面公开价,报价可见但仅3个；不足22个，排除,上一轮2026-10-08国内网页记录,1+:4.39; 10+:3.68; 30+:3.37,3.68,80.96,80.96,3.68,88.32,80.96,3.37,370.70,74.14,3.37,377.44,74.14
合并料号候选,GRM32ER71H475KA88L,GRM32ER71H475KA88L,"C12,C14,C16,C19,C21,C29,C30,C8",14,1210,Murata,C86052,国内网页实时梯度价,2026-10-08,5,5,35465,5+:0.8859; 50+:0.7323; 150+:0.6532; 1000+:0.5881; 2000+:0.5654; 5000+:0.55,变更容量方案；33.3→34.7µF每组；未验证,本行数量14=原8只4.7µF+替换6只3.3µF；整方案合并后每MPN只加2备品；不能与原8只行重复相加。,https://item.szlcsc.com/87228.html,GRM32ER71H475KA88L 1210 小份装 原装,14,15,0.8859,13.29,12.40,1,16,20,0.8859,17.72,12.40,4,70,70,0.7323,51.26,10.25,0,72,75,0.7323,54.92,10.25,3,立创,CNY,国内页面公开价,国内网页实时梯度价,上一轮2026-10-08国内网页记录,5+:0.8859; 50+:0.7323; 150+:0.6532; 1000+:0.5881; 2000+:0.5654; 5000+:0.55,0.8859,13.29,12.40,0.8859,17.72,12.40,0.7323,51.26,10.25,0.7323,54.92,10.25
候选替代,GRM32ER71H225KA88L,CL32B225KBJNNNE,C28,1,1210,Samsung,,公开网页报价；下单复核,2026-10-08,1,1,166612,,标称参数候选；未写入正式BOM，待工程验证,C28候选：1210、2.2µF、50V、X7R、10%；BENCH_3V3输入去耦，原厂参数相符；高度最大2.7mm、3.3V有效容量/安装空间需确认。,https://www.digikey.com/en/products/detail/samsung-electro-mechanics/CL32B225KBJNNNE/3890970,GRM32ER71H225KA88L 1210 小份装 原装,1,1,,,,0,3,3,,,,0,5,5,,,,0,7,10,,,,3,DigiKey,USD,国际站美元报价；中国税费/运费未确认,公开网页报价；下单复核,2026-10-08公开网页/搜索索引快照；非结账锁价,1+:0.44; 10+:0.261; 50+:0.1926; 100+:0.1716,0.44,0.44,0.44,0.44,1.32,0.44,0.44,2.20,0.44,0.261,2.61,0.26
候选替代,RC0603FR-07400KL,RT0603BRD07402KL,R17,1,0603,YAGEO,,公开网页报价；下单复核,2026-10-08,1,1,1907,,标称参数候选；未写入正式BOM，待工程验证,R17候选：402kΩ、0.1%、0603、0.1W、75V、25ppm；标称变化+0.5%，需核验VGL反馈/温漂后更新工程；不等同400k原件。,https://www.digikey.com/en/products/detail/yageo/RT0603BRD07402KL/5927949,RC0603FR-07400KL 0603 小份装 原装,1,1,,,,0,3,3,,,,0,5,5,,,,0,7,10,,,,3,DigiKey,USD,国际站美元报价；中国税费/运费未确认,公开网页报价；下单复核,2026-10-08公开网页/搜索索引快照；非结账锁价,1+:0.1; 10+:0.065; 50+:0.0574; 100+:0.0542,0.1,0.10,0.10,0.1,0.30,0.10,0.1,0.50,0.10,0.065,0.65,0.07
