位号,MPN,C编号,板用量,购买数量,报价单价,报价付款,建议
R49,RC0805JR-070RL,C96345,1,100,0.0325,3.25,保留0805电阻；MOQ是主要成本原因
"U1,U2,U3",WSL1206R2000FEA,C2073442,3,3,2.48,7.44,保留0.2Ω金属采样电阻；廉价厚膜不可只按阻值功率替换，需脉冲/温漂/采样走线证据。
R12,0805W8F1501T5E,C4310,1,100,0.0212,2.12,保留0805电阻；MOQ是主要成本原因
"R11,R30,R35,R36,R44,R45,R46,R47,R48",0805W8F1003T5E,C149504,9,100,0.0361,3.61,保留0805电阻；MOQ是主要成本原因
"C27,C33",CL21B104KBCNNNC,C1711,2,20,0.0918,1.84,保留三星100nF/50V0805；买20个仅1.84元。
"C31,C32",GRM32ER60J107ME20L,C88154,2,5,2.9282,14.64,三星C49066现货低价候选；补齐3.3V有效容量及启动/放电对照后替换。
"C1,C103,C104,C106,C107,C109,C110,C112,C113,C115,C116,C118,C119,C13,C15,C2,C20,C3,C4,C5,C6,C7",GRM32ER71H106KA12L,C77102,22,25,2.0223,50.56,暂保留；三星C138687国内零库存；高压储能有效容量约束优先。
R8,RC0805FR-07110KL,C137599,1,100,0.034,3.4,保留0805电阻；MOQ是主要成本原因
"L1,L2,L3",PCR1040-150-M,C53896892,3,5,1.246685,6.23,保留现有国内电感；三只买5个仅6.23元，进一步替换要重做DCR/Isat/温升核对。
R18,0805W8F1602T5E,C17490,1,100,0.0497,4.97,保留0805电阻；MOQ是主要成本原因
"R13,R2,R3",0805W8F1004T5E,C17514,3,100,0.0264,2.64,保留0805电阻；MOQ是主要成本原因
C36,0805CG102J500NT,C29925,1,50,0.0838,4.19,保留1nF/50V C0G定时电容；50个起订是费用原因，不换X7R。
"C22,C25",GRM21BR71H105KA12L,C77083,2,10,0.2589,2.59,暂保留1µF/50V；不是高额单项，替代须检查偏压容量。
"R10,R19",0805W8F220KT5E,C17521,2,100,0.0453,4.53,保留0805电阻；MOQ是主要成本原因
C28,CL32B225KBJNNNE,C307587,1,5,2.3489,11.74,优先改C28为既有C86052的4.7µF；减少一组采购，输入瞬态复核。
"R17,R50",0805W8F2003T5E,C17539,2,100,0.034,3.4,保留0805电阻；MOQ是主要成本原因
C18,GRM21BR71H224KA01L,C86042,1,5,0.6756,3.38,暂保留220nF/50V；飞跨/高压节点不降低耐压，MOQ5付款3.38元。
R1,0805W8F2001T5E,C17604,1,100,0.0234,2.34,保留0805电阻；MOQ是主要成本原因
"C105,C108,C111,C114,C117,C120",GRM32DR71H335KA88L,C397310,6,10,2.8,28,火炬C54157488现货候选；缺对应偏压容量证据，先不写入正式BOM。
"R39,R40,R41,R42,R43",0805W8F330JT5E,C17634,5,100,0.0285,2.85,保留0805电阻；MOQ是主要成本原因
J1,TJC8-2.54-2A,C42410552,1,20,0.2292,4.58,保持接口；20个起订导致4.58元，查MOQ1同型需核对座体和直插脚尺寸，暂无合格新料。
R7,RC0805FR-074K3L,C137518,1,100,0.0612,6.12,优先改厚声C17667；100个约4.85元，省1.27元。
"R20,R21",0805W8F4701T5E,C17673,2,100,0.0306,3.06,保留0805电阻；MOQ是主要成本原因
"C12,C14,C16,C19,C21,C29,C30,C8",GRM32ER71H475KA88L,C86052,8,10,0.8859,8.86,保留并评估覆盖C28；9个仍买10个。
"C10,C11,C17,C23,C24,C9",GRM21BR71H474KA88L,C86043,6,10,0.4347,4.35,暂保留470nF/50V；国产替代需分节点审查有效容量，现价买10个4.35元。
C26,0805B473K500NT,C1745,1,50,0.1098,5.49,保留47nF/50V X7R；已国产0805，避免降低未知峰值节点耐压。
D4,B0530W-7-F,C124188,1,5,0.7363,3.68,时科C475611现货候选；需核对漏电/结电容/热条件，省0.49元优先级低。
"D3,D5,D6",BAT54S-7-F,C83574,3,5,0.7044,3.52,长晶C8592现货候选；需核对双管连接/Vf/热条件，省0.68元优先级低。
"Q1,Q4",DMN3065LW-7,C150506,2,5,1.725,8.63,保留；SOT-323低栅压MOS，换SOT-23需改PCB，导通与栅电荷未核实。
Q8,DMP3068L-7,C151010,1,5,1.3727,6.86,保留；低栅压P沟道MOS不能用AO3401等仅凭阈值替换。
FPC1,FPC-05FB-60PH20,C2856839,1,1,2.451,2.45,保留可插拔FPC；MOQ1、2.45元，不能改变接触面、60脚及0.5mm间距。
J2,SH-PZ254V-2x8P,C55629829,1,5,0.3755,1.88,保留2.54mm直插排针；5个仅1.88元，收益有限。
"D1,D2",MBR230S1F-7,C151335,2,5,1.1404,5.7,保留30V2A整流；不以廉价SS14等1A二极管替换，须验证Vf/漏电及热。
Q6,MMBT3904-7-F,C94514,1,10,0.3922,3.92,暂保留；CJ C20526国内库存0；新品牌还要热额定和hFE比较，小量收益很小。
Q3,MMBT3906-7-F,C82762,1,10,0.3728,3.73,暂保留；低价品牌应比较hFE、VCE(sat)、热额定，MOQ后未形成批准候选。
Q7,PJA3433_R1_00001,C6628419,1,1,2.652276,2.65,海外代购，不满足国内现货；暂无已验证可直接替代料。
U4,TCN75AVOA713,C144313,1,1,7.8,7.8,保留TCN75；屏幕直接I2C访问，不能把LM75仅按封装当等效。
U5,TPS22917DBVR,C2681320,1,5,2.4481,12.24,保留TPS22917；需要反向阻断、低漏电、CT软启动与可控放电。贵在本次买5个。
