位号,装配,旧型号,新型号,旧封装,新封装,理由,引脚网络
J1,True,TSW-102-07-G-S,TJC8-2.54-2A,Connector_PinHeader_2.54mm:PinHeader_1x02_P2.54mm_Vertical,Driver:Connector_PinHeader_2.54mm__PinHeader_1x02_P2.54mm_Vertical,国内2.54mm直插排针，3A，孔距及脚序不变。,"{""1"": ""BENCH_3V3"", ""2"": ""GND""}"
C28,True,GRM32ER71H225KA88L,GRM32ER71H225KA88L,Capacitor_SMD:C_1210_3225Metric,Driver:Capacitor_SMD__C_1210_3225Metric,保留原型号/封装；本轮逐项复核，关键动态参数未有充分替代证据。,"{""1"": ""BENCH_3V3"", ""2"": ""GND""}"
U5,True,TPS22917DBVR,TPS22917DBVR,Package_TO_SOT_SMD:SOT-23-6,Driver:Package_TO_SOT_SMD__SOT-23-6,保留原型号/封装；本轮逐项复核，关键动态参数未有充分替代证据。,"{""1"": ""BENCH_3V3"", ""2"": ""GND"", ""3"": ""EPD_PWR_EN"", ""4"": ""SW_CT"", ""5"": ""EPD_3V3"", ""6"": ""EPD_3V3""}"
R30,True,RC0603FR-07100KL,0805W8F1003T5E,Resistor_SMD:R_0603_1608Metric,Driver:R_0805_HandSolder,同阻值±1%常用0805；手焊加长焊盘。,"{""1"": ""EPD_PWR_EN"", ""2"": ""GND""}"
C29,True,GRM32ER71H475KA88L,GRM32ER71H475KA88L,Capacitor_SMD:C_1210_3225Metric,Driver:Capacitor_SMD__C_1210_3225Metric,保留原型号/封装；本轮逐项复核，关键动态参数未有充分替代证据。,"{""1"": ""EPD_3V3"", ""2"": ""GND""}"
C30,True,GRM32ER71H475KA88L,GRM32ER71H475KA88L,Capacitor_SMD:C_1210_3225Metric,Driver:Capacitor_SMD__C_1210_3225Metric,保留原型号/封装；本轮逐项复核，关键动态参数未有充分替代证据。,"{""1"": ""EPD_3V3"", ""2"": ""GND""}"
C31,True,GRM32ER60J107ME20L,GRM32ER60J107ME20L,Capacitor_SMD:C_1210_3225Metric,Driver:Capacitor_SMD__C_1210_3225Metric,保留原型号/封装；本轮逐项复核，关键动态参数未有充分替代证据。,"{""1"": ""EPD_3V3"", ""2"": ""GND""}"
C32,True,GRM32ER60J107ME20L,GRM32ER60J107ME20L,Capacitor_SMD:C_1210_3225Metric,Driver:Capacitor_SMD__C_1210_3225Metric,保留原型号/封装；本轮逐项复核，关键动态参数未有充分替代证据。,"{""1"": ""EPD_3V3"", ""2"": ""GND""}"
C33,True,GRM188R71H104KA93D,CL21B104KBCNNNC,Capacitor_SMD:C_0603_1608Metric,Driver:C_0805_HandSolder,100nF/50V X7R±10%；0603增大为0805。,"{""1"": ""EPD_3V3"", ""2"": ""GND""}"
L1,True,MSS1246-153MLC,MSS1246-153MLC,Inductor_SMD:L_Coilcraft_MSS1246T-XXX,Driver:Inductor_SMD__L_Coilcraft_MSS1246T-XXX,保留原型号/封装；本轮逐项复核，关键动态参数未有充分替代证据。,"{""1"": ""EPD_3V3"", ""2"": ""LX""}"
L2,True,MSS1246-153MLC,MSS1246-153MLC,Inductor_SMD:L_Coilcraft_MSS1246T-XXX,Driver:Inductor_SMD__L_Coilcraft_MSS1246T-XXX,保留原型号/封装；本轮逐项复核，关键动态参数未有充分替代证据。,"{""1"": ""SW_N"", ""2"": ""GND""}"
L3,True,MSS1246-153MLC,MSS1246-153MLC,Inductor_SMD:L_Coilcraft_MSS1246T-XXX,Driver:Inductor_SMD__L_Coilcraft_MSS1246T-XXX,保留原型号/封装；本轮逐项复核，关键动态参数未有充分替代证据。,"{""1"": ""SW_VCOM"", ""2"": ""GND""}"
Q1,True,DMN3065LW-7,DMN3065LW-7,Package_TO_SOT_SMD:SOT-323_SC-70,Driver:SOT323_HandSolder,保留DMN3065LW；SOT23候选Qg更高，改为同封装外伸焊盘。,"{""1"": ""GDRP"", ""2"": ""RESEP"", ""3"": ""LX""}"
Q8,True,DMP3068L-7,DMP3068L-7,Package_TO_SOT_SMD:SOT-23,Driver:Package_TO_SOT_SMD__SOT-23,保留原型号/封装；本轮逐项复核，关键动态参数未有充分替代证据。,"{""1"": ""GDRN"", ""2"": ""RESEN"", ""3"": ""SW_N""}"
Q7,True,PJA3433_R1_00001,PJA3433_R1_00001,Package_TO_SOT_SMD:SOT-23,Driver:Package_TO_SOT_SMD__SOT-23,保留原型号/封装；本轮逐项复核，关键动态参数未有充分替代证据。,"{""1"": ""Q7_GATE"", ""2"": ""RESEC"", ""3"": ""SW_VCOM""}"
U1,True,WSL1206R2000FEA,WSL1206R2000FEA,Resistor_SMD:R_1206_3216Metric,Driver:Resistor_SMD__R_1206_3216Metric,保留原型号/封装；本轮逐项复核，关键动态参数未有充分替代证据。,"{""1"": ""RESEP"", ""2"": ""GND""}"
U2,True,WSL1206R2000FEA,WSL1206R2000FEA,Resistor_SMD:R_1206_3216Metric,Driver:Resistor_SMD__R_1206_3216Metric,保留原型号/封装；本轮逐项复核，关键动态参数未有充分替代证据。,"{""1"": ""EPD_3V3"", ""2"": ""RESEN""}"
U3,True,WSL1206R2000FEA,WSL1206R2000FEA,Resistor_SMD:R_1206_3216Metric,Driver:Resistor_SMD__R_1206_3216Metric,保留原型号/封装；本轮逐项复核，关键动态参数未有充分替代证据。,"{""1"": ""EPD_3V3"", ""2"": ""RESEC""}"
R2,True,RC0603FR-071ML,0805W8F1004T5E,Resistor_SMD:R_0603_1608Metric,Driver:R_0805_HandSolder,同阻值±1%常用0805；手焊加长焊盘。,"{""1"": ""GDRP"", ""2"": ""GND""}"
R3,True,RC0603FR-071ML,0805W8F1004T5E,Resistor_SMD:R_0603_1608Metric,Driver:R_0805_HandSolder,同阻值±1%常用0805；手焊加长焊盘。,"{""1"": ""EPD_3V3"", ""2"": ""GDRN""}"
R13,True,RC0603FR-071ML,0805W8F1004T5E,Resistor_SMD:R_0603_1608Metric,Driver:R_0805_HandSolder,同阻值±1%常用0805；手焊加长焊盘。,"{""1"": ""EPD_3V3"", ""2"": ""Q7_GATE""}"
D1,True,MBR230S1F-7,MBR230S1F-7,Diode_SMD:D_SOD-123F,Driver:Diode_SMD__D_SOD-123F,保留原型号/封装；本轮逐项复核，关键动态参数未有充分替代证据。,"{""1"": ""VDDP"", ""2"": ""LX""}"
D2,True,MBR230S1F-7,MBR230S1F-7,Diode_SMD:D_SOD-123F,Driver:Diode_SMD__D_SOD-123F,保留原型号/封装；本轮逐项复核，关键动态参数未有充分替代证据。,"{""1"": ""SW_N"", ""2"": ""VDDN""}"
D4,True,B0530W-7-F,B0530W-7-F,Diode_SMD:D_SOD-123,Driver:Diode_SMD__D_SOD-123,保留原型号/封装；本轮逐项复核，关键动态参数未有充分替代证据。,"{""1"": ""SW_VCOM"", ""2"": ""VBB_3P5V""}"
C12,True,GRM32ER71H475KA88L,GRM32ER71H475KA88L,Capacitor_SMD:C_1210_3225Metric,Driver:Capacitor_SMD__C_1210_3225Metric,保留原型号/封装；本轮逐项复核，关键动态参数未有充分替代证据。,"{""1"": ""EPD_3V3"", ""2"": ""GND""}"
C13,True,GRM32ER71H106KA12L,GRM32ER71H106KA12L,Capacitor_SMD:C_1210_3225Metric,Driver:Capacitor_SMD__C_1210_3225Metric,保留原型号/封装；本轮逐项复核，关键动态参数未有充分替代证据。,"{""1"": ""VDDP"", ""2"": ""GND""}"
C14,True,GRM32ER71H475KA88L,GRM32ER71H475KA88L,Capacitor_SMD:C_1210_3225Metric,Driver:Capacitor_SMD__C_1210_3225Metric,保留原型号/封装；本轮逐项复核，关键动态参数未有充分替代证据。,"{""1"": ""EPD_3V3"", ""2"": ""GND""}"
C15,True,GRM32ER71H106KA12L,GRM32ER71H106KA12L,Capacitor_SMD:C_1210_3225Metric,Driver:Capacitor_SMD__C_1210_3225Metric,保留原型号/封装；本轮逐项复核，关键动态参数未有充分替代证据。,"{""1"": ""VDDN"", ""2"": ""GND""}"
C19,True,GRM32ER71H475KA88L,GRM32ER71H475KA88L,Capacitor_SMD:C_1210_3225Metric,Driver:Capacitor_SMD__C_1210_3225Metric,保留原型号/封装；本轮逐项复核，关键动态参数未有充分替代证据。,"{""1"": ""EPD_3V3"", ""2"": ""GND""}"
C20,True,GRM32ER71H106KA12L,GRM32ER71H106KA12L,Capacitor_SMD:C_1210_3225Metric,Driver:Capacitor_SMD__C_1210_3225Metric,保留原型号/封装；本轮逐项复核，关键动态参数未有充分替代证据。,"{""1"": ""VBB_3P5V"", ""2"": ""GND""}"
Q3,True,MMBT3906-7-F,MMBT3906-7-F,Package_TO_SOT_SMD:SOT-23,Driver:Package_TO_SOT_SMD__SOT-23,保留原型号/封装；本轮逐项复核，关键动态参数未有充分替代证据。,"{""1"": ""BASE_P"", ""2"": ""VDDP"", ""3"": ""PUMP_P_LOW""}"
Q4,True,DMN3065LW-7,DMN3065LW-7,Package_TO_SOT_SMD:SOT-323_SC-70,Driver:SOT323_HandSolder,保留DMN3065LW；SOT23候选Qg更高，改为同封装外伸焊盘。,"{""1"": ""DRVP"", ""2"": ""SOURCE_VGP"", ""3"": ""BASE_P""}"
R11,True,RC0603FR-07100KL,0805W8F1003T5E,Resistor_SMD:R_0603_1608Metric,Driver:R_0805_HandSolder,同阻值±1%常用0805；手焊加长焊盘。,"{""1"": ""VDDP"", ""2"": ""BASE_P""}"
R12,True,RC0603FR-071K5L,0805W8F1501T5E,Resistor_SMD:R_0603_1608Metric,Driver:R_0805_HandSolder,同阻值±1%常用0805；手焊加长焊盘。,"{""1"": ""SOURCE_VGP"", ""2"": ""GND""}"
D3,True,BAT54S-7-F,BAT54S-7-F,Package_TO_SOT_SMD:SOT-23,Driver:Package_TO_SOT_SMD__SOT-23,保留原型号/封装；本轮逐项复核，关键动态参数未有充分替代证据。,"{""1"": ""PUMP_P_LOW"", ""2"": ""VGH"", ""3"": ""PUMP_P_MID""}"
C16,True,GRM32ER71H475KA88L,GRM32ER71H475KA88L,Capacitor_SMD:C_1210_3225Metric,Driver:Capacitor_SMD__C_1210_3225Metric,保留原型号/封装；本轮逐项复核，关键动态参数未有充分替代证据。,"{""1"": ""VGH"", ""2"": ""GND""}"
C17,True,GRM21BR71H474KA88L,GRM21BR71H474KA88L,Capacitor_SMD:C_0805_2012Metric,Driver:Capacitor_SMD__C_0805_2012Metric,保留原型号/封装；本轮逐项复核，关键动态参数未有充分替代证据。,"{""1"": ""PUMP_P_MID"", ""2"": ""PUMP_P_AC""}"
C18,True,GRM21BR71H224KA01L,GRM21BR71H224KA01L,Capacitor_SMD:C_0805_2012Metric,Driver:Capacitor_SMD__C_0805_2012Metric,保留原型号/封装；本轮逐项复核，关键动态参数未有充分替代证据。,"{""1"": ""PUMP_P_LOW"", ""2"": ""GND""}"
R7,True,RC0603FR-074K3L,RC0805FR-074K3L,Resistor_SMD:R_0603_1608Metric,Driver:R_0805_HandSolder,同阻值±1%常用0805；手焊加长焊盘。,"{""1"": ""GND"", ""2"": ""FBP""}"
R8,True,RC0603FR-07110KL,RC0805FR-07110KL,Resistor_SMD:R_0603_1608Metric,Driver:R_0805_HandSolder,同阻值±1%常用0805；手焊加长焊盘。,"{""1"": ""FBP"", ""2"": ""VGH""}"
R10,True,RC0603FR-072R2L,0805W8F220KT5E,Resistor_SMD:R_0603_1608Metric,Driver:R_0805_HandSolder,同阻值±1%常用0805；手焊加长焊盘。,"{""1"": ""PUMP_P_AC"", ""2"": ""LX""}"
Q6,True,MMBT3904-7-F,MMBT3904-7-F,Package_TO_SOT_SMD:SOT-23,Driver:Package_TO_SOT_SMD__SOT-23,保留原型号/封装；本轮逐项复核，关键动态参数未有充分替代证据。,"{""1"": ""DRVN"", ""2"": ""GND"", ""3"": ""PUMP_N_LOW""}"
D5,True,BAT54S-7-F,BAT54S-7-F,Package_TO_SOT_SMD:SOT-23,Driver:Package_TO_SOT_SMD__SOT-23,保留原型号/封装；本轮逐项复核，关键动态参数未有充分替代证据。,"{""1"": ""VGL"", ""2"": ""PUMP_N_MID"", ""3"": ""PUMP_N_UP""}"
D6,True,BAT54S-7-F,BAT54S-7-F,Package_TO_SOT_SMD:SOT-23,Driver:Package_TO_SOT_SMD__SOT-23,保留原型号/封装；本轮逐项复核，关键动态参数未有充分替代证据。,"{""1"": ""PUMP_N_MID"", ""2"": ""PUMP_N_LOW"", ""3"": ""PUMP_N_DOWN""}"
C21,True,GRM32ER71H475KA88L,GRM32ER71H475KA88L,Capacitor_SMD:C_1210_3225Metric,Driver:Capacitor_SMD__C_1210_3225Metric,保留原型号/封装；本轮逐项复核，关键动态参数未有充分替代证据。,"{""1"": ""VGL"", ""2"": ""GND""}"
C22,True,GRM21BR71H105KA12L,GRM21BR71H105KA12L,Capacitor_SMD:C_0805_2012Metric,Driver:Capacitor_SMD__C_0805_2012Metric,保留原型号/封装；本轮逐项复核，关键动态参数未有充分替代证据。,"{""1"": ""PUMP_N_MID"", ""2"": ""GND""}"
C23,True,GRM21BR71H474KA88L,GRM21BR71H474KA88L,Capacitor_SMD:C_0805_2012Metric,Driver:Capacitor_SMD__C_0805_2012Metric,保留原型号/封装；本轮逐项复核，关键动态参数未有充分替代证据。,"{""1"": ""PUMP_N_UP"", ""2"": ""PUMP_N_AC""}"
C24,True,GRM21BR71H474KA88L,GRM21BR71H474KA88L,Capacitor_SMD:C_0805_2012Metric,Driver:Capacitor_SMD__C_0805_2012Metric,保留原型号/封装；本轮逐项复核，关键动态参数未有充分替代证据。,"{""1"": ""PUMP_N_DOWN"", ""2"": ""PUMP_N_AC""}"
C25,True,GRM21BR71H105KA12L,GRM21BR71H105KA12L,Capacitor_SMD:C_0805_2012Metric,Driver:Capacitor_SMD__C_0805_2012Metric,保留原型号/封装；本轮逐项复核，关键动态参数未有充分替代证据。,"{""1"": ""REG_VGN"", ""2"": ""GND""}"
C26,True,GRM188R71H473KA61D,0805B473K500NT,Capacitor_SMD:C_0603_1608Metric,Driver:C_0805_HandSolder,47nF/50V X7R±10%；风华0805，保留耐压，动态波形待实测。,"{""1"": ""PUMP_N_LOW"", ""2"": ""GND""}"
R17,True,RC0603FR-07400KL,0805W8F2003T5E,Resistor_SMD:R_0603_1608Metric,Driver:R_0805_HandSolder,同阻值±1%常用0805；手焊加长焊盘。,"{""1"": ""VGL_FB_MID"", ""2"": ""FBN""}"
R18,True,RC0603FR-0716KL,0805W8F1602T5E,Resistor_SMD:R_0603_1608Metric,Driver:R_0805_HandSolder,同阻值±1%常用0805；手焊加长焊盘。,"{""1"": ""FBN"", ""2"": ""REG_VGN""}"
R19,True,RC0603FR-072R2L,0805W8F220KT5E,Resistor_SMD:R_0603_1608Metric,Driver:R_0805_HandSolder,同阻值±1%常用0805；手焊加长焊盘。,"{""1"": ""PUMP_N_AC"", ""2"": ""LX""}"
U4,True,TCN75AVOA713,TCN75AVOA713,Package_SO:SOIC-8_3.9x4.9mm_P1.27mm,Driver:Package_SO__SOIC-8_3.9x4.9mm_P1.27mm,保留原型号/封装；本轮逐项复核，关键动态参数未有充分替代证据。,"{""1"": ""TSDA"", ""2"": ""TSCL"", ""3"": null, ""4"": ""GND"", ""5"": ""GND"", ""6"": ""GND"", ""7"": ""GND"", ""8"": ""EPD_3V3""}"
R20,True,RC0603FR-074K7L,0805W8F4701T5E,Resistor_SMD:R_0603_1608Metric,Driver:R_0805_HandSolder,同阻值±1%常用0805；手焊加长焊盘。,"{""1"": ""TSCL"", ""2"": ""EPD_3V3""}"
R21,True,RC0603FR-074K7L,0805W8F4701T5E,Resistor_SMD:R_0603_1608Metric,Driver:R_0805_HandSolder,同阻值±1%常用0805；手焊加长焊盘。,"{""1"": ""TSDA"", ""2"": ""EPD_3V3""}"
C27,True,GRM188R71H104KA93D,CL21B104KBCNNNC,Capacitor_SMD:C_0603_1608Metric,Driver:C_0805_HandSolder,100nF/50V X7R±10%；0603增大为0805。,"{""1"": ""EPD_3V3"", ""2"": ""GND""}"
R1,True,RC0603FR-072KL,0805W8F2001T5E,Resistor_SMD:R_0603_1608Metric,Driver:R_0805_HandSolder,同阻值±1%常用0805；手焊加长焊盘。,"{""1"": ""BUSY_N"", ""2"": ""EPD_3V3""}"
R35,True,RC0603FR-07100KL,0805W8F1003T5E,Resistor_SMD:R_0603_1608Metric,Driver:R_0805_HandSolder,同阻值±1%常用0805；手焊加长焊盘。,"{""1"": ""SI2"", ""2"": ""GND""}"
R36,True,RC0603FR-07100KL,0805W8F1003T5E,Resistor_SMD:R_0603_1608Metric,Driver:R_0805_HandSolder,同阻值±1%常用0805；手焊加长焊盘。,"{""1"": ""SI3"", ""2"": ""GND""}"
C1,True,GRM32ER71H106KA12L,GRM32ER71H106KA12L,Capacitor_SMD:C_1210_3225Metric,Driver:Capacitor_SMD__C_1210_3225Metric,保留原型号/封装；本轮逐项复核，关键动态参数未有充分替代证据。,"{""1"": ""VSPH"", ""2"": ""GND""}"
C103,True,GRM32ER71H106KA12L,GRM32ER71H106KA12L,Capacitor_SMD:C_1210_3225Metric,Driver:Capacitor_SMD__C_1210_3225Metric,保留原型号/封装；本轮逐项复核，关键动态参数未有充分替代证据。,"{""1"": ""VSPH"", ""2"": ""GND""}"
C104,True,GRM32ER71H106KA12L,GRM32ER71H106KA12L,Capacitor_SMD:C_1210_3225Metric,Driver:Capacitor_SMD__C_1210_3225Metric,保留原型号/封装；本轮逐项复核，关键动态参数未有充分替代证据。,"{""1"": ""VSPH"", ""2"": ""GND""}"
C105,True,GRM32DR71H335KA88L,GRM32DR71H335KA88L,Capacitor_SMD:C_1210_3225Metric,Driver:Capacitor_SMD__C_1210_3225Metric,保留原型号/封装；本轮逐项复核，关键动态参数未有充分替代证据。,"{""1"": ""VSPH"", ""2"": ""GND""}"
C2,True,GRM32ER71H106KA12L,GRM32ER71H106KA12L,Capacitor_SMD:C_1210_3225Metric,Driver:Capacitor_SMD__C_1210_3225Metric,保留原型号/封装；本轮逐项复核，关键动态参数未有充分替代证据。,"{""1"": ""VSPL"", ""2"": ""GND""}"
C106,True,GRM32ER71H106KA12L,GRM32ER71H106KA12L,Capacitor_SMD:C_1210_3225Metric,Driver:Capacitor_SMD__C_1210_3225Metric,保留原型号/封装；本轮逐项复核，关键动态参数未有充分替代证据。,"{""1"": ""VSPL"", ""2"": ""GND""}"
C107,True,GRM32ER71H106KA12L,GRM32ER71H106KA12L,Capacitor_SMD:C_1210_3225Metric,Driver:Capacitor_SMD__C_1210_3225Metric,保留原型号/封装；本轮逐项复核，关键动态参数未有充分替代证据。,"{""1"": ""VSPL"", ""2"": ""GND""}"
C108,True,GRM32DR71H335KA88L,GRM32DR71H335KA88L,Capacitor_SMD:C_1210_3225Metric,Driver:Capacitor_SMD__C_1210_3225Metric,保留原型号/封装；本轮逐项复核，关键动态参数未有充分替代证据。,"{""1"": ""VSPL"", ""2"": ""GND""}"
C3,True,GRM32ER71H106KA12L,GRM32ER71H106KA12L,Capacitor_SMD:C_1210_3225Metric,Driver:Capacitor_SMD__C_1210_3225Metric,保留原型号/封装；本轮逐项复核，关键动态参数未有充分替代证据。,"{""1"": ""VSPL2"", ""2"": ""GND""}"
C109,True,GRM32ER71H106KA12L,GRM32ER71H106KA12L,Capacitor_SMD:C_1210_3225Metric,Driver:Capacitor_SMD__C_1210_3225Metric,保留原型号/封装；本轮逐项复核，关键动态参数未有充分替代证据。,"{""1"": ""VSPL2"", ""2"": ""GND""}"
C110,True,GRM32ER71H106KA12L,GRM32ER71H106KA12L,Capacitor_SMD:C_1210_3225Metric,Driver:Capacitor_SMD__C_1210_3225Metric,保留原型号/封装；本轮逐项复核，关键动态参数未有充分替代证据。,"{""1"": ""VSPL2"", ""2"": ""GND""}"
C111,True,GRM32DR71H335KA88L,GRM32DR71H335KA88L,Capacitor_SMD:C_1210_3225Metric,Driver:Capacitor_SMD__C_1210_3225Metric,保留原型号/封装；本轮逐项复核，关键动态参数未有充分替代证据。,"{""1"": ""VSPL2"", ""2"": ""GND""}"
C4,True,GRM32ER71H106KA12L,GRM32ER71H106KA12L,Capacitor_SMD:C_1210_3225Metric,Driver:Capacitor_SMD__C_1210_3225Metric,保留原型号/封装；本轮逐项复核，关键动态参数未有充分替代证据。,"{""1"": ""VSNH"", ""2"": ""GND""}"
C112,True,GRM32ER71H106KA12L,GRM32ER71H106KA12L,Capacitor_SMD:C_1210_3225Metric,Driver:Capacitor_SMD__C_1210_3225Metric,保留原型号/封装；本轮逐项复核，关键动态参数未有充分替代证据。,"{""1"": ""VSNH"", ""2"": ""GND""}"
C113,True,GRM32ER71H106KA12L,GRM32ER71H106KA12L,Capacitor_SMD:C_1210_3225Metric,Driver:Capacitor_SMD__C_1210_3225Metric,保留原型号/封装；本轮逐项复核，关键动态参数未有充分替代证据。,"{""1"": ""VSNH"", ""2"": ""GND""}"
C114,True,GRM32DR71H335KA88L,GRM32DR71H335KA88L,Capacitor_SMD:C_1210_3225Metric,Driver:Capacitor_SMD__C_1210_3225Metric,保留原型号/封装；本轮逐项复核，关键动态参数未有充分替代证据。,"{""1"": ""VSNH"", ""2"": ""GND""}"
C5,True,GRM32ER71H106KA12L,GRM32ER71H106KA12L,Capacitor_SMD:C_1210_3225Metric,Driver:Capacitor_SMD__C_1210_3225Metric,保留原型号/封装；本轮逐项复核，关键动态参数未有充分替代证据。,"{""1"": ""VSNL"", ""2"": ""GND""}"
C115,True,GRM32ER71H106KA12L,GRM32ER71H106KA12L,Capacitor_SMD:C_1210_3225Metric,Driver:Capacitor_SMD__C_1210_3225Metric,保留原型号/封装；本轮逐项复核，关键动态参数未有充分替代证据。,"{""1"": ""VSNL"", ""2"": ""GND""}"
C116,True,GRM32ER71H106KA12L,GRM32ER71H106KA12L,Capacitor_SMD:C_1210_3225Metric,Driver:Capacitor_SMD__C_1210_3225Metric,保留原型号/封装；本轮逐项复核，关键动态参数未有充分替代证据。,"{""1"": ""VSNL"", ""2"": ""GND""}"
C117,True,GRM32DR71H335KA88L,GRM32DR71H335KA88L,Capacitor_SMD:C_1210_3225Metric,Driver:Capacitor_SMD__C_1210_3225Metric,保留原型号/封装；本轮逐项复核，关键动态参数未有充分替代证据。,"{""1"": ""VSNL"", ""2"": ""GND""}"
C6,True,GRM32ER71H106KA12L,GRM32ER71H106KA12L,Capacitor_SMD:C_1210_3225Metric,Driver:Capacitor_SMD__C_1210_3225Metric,保留原型号/封装；本轮逐项复核，关键动态参数未有充分替代证据。,"{""1"": ""VSNL2"", ""2"": ""GND""}"
C118,True,GRM32ER71H106KA12L,GRM32ER71H106KA12L,Capacitor_SMD:C_1210_3225Metric,Driver:Capacitor_SMD__C_1210_3225Metric,保留原型号/封装；本轮逐项复核，关键动态参数未有充分替代证据。,"{""1"": ""VSNL2"", ""2"": ""GND""}"
C119,True,GRM32ER71H106KA12L,GRM32ER71H106KA12L,Capacitor_SMD:C_1210_3225Metric,Driver:Capacitor_SMD__C_1210_3225Metric,保留原型号/封装；本轮逐项复核，关键动态参数未有充分替代证据。,"{""1"": ""VSNL2"", ""2"": ""GND""}"
C120,True,GRM32DR71H335KA88L,GRM32DR71H335KA88L,Capacitor_SMD:C_1210_3225Metric,Driver:Capacitor_SMD__C_1210_3225Metric,保留原型号/封装；本轮逐项复核，关键动态参数未有充分替代证据。,"{""1"": ""VSNL2"", ""2"": ""GND""}"
C7,True,GRM32ER71H106KA12L,GRM32ER71H106KA12L,Capacitor_SMD:C_1210_3225Metric,Driver:Capacitor_SMD__C_1210_3225Metric,保留原型号/封装；本轮逐项复核，关键动态参数未有充分替代证据。,"{""1"": ""VCC"", ""2"": ""GND""}"
C8,True,GRM32ER71H475KA88L,GRM32ER71H475KA88L,Capacitor_SMD:C_1210_3225Metric,Driver:Capacitor_SMD__C_1210_3225Metric,保留原型号/封装；本轮逐项复核，关键动态参数未有充分替代证据。,"{""1"": ""TFT_VCOM"", ""2"": ""GND""}"
C9,True,GRM21BR71H474KA88L,GRM21BR71H474KA88L,Capacitor_SMD:C_0805_2012Metric,Driver:Capacitor_SMD__C_0805_2012Metric,保留Murata470nF/50V：三星候选未取得工作偏压有效容量及纹波对照。,"{""1"": ""FPL_VCOM"", ""2"": ""GND""}"
C10,True,GRM21BR71H474KA88L,GRM21BR71H474KA88L,Capacitor_SMD:C_0805_2012Metric,Driver:Capacitor_SMD__C_0805_2012Metric,保留Murata470nF/50V：三星候选未取得工作偏压有效容量及纹波对照。,"{""1"": ""VCOMBD_M"", ""2"": ""GND""}"
C11,True,GRM21BR71H474KA88L,GRM21BR71H474KA88L,Capacitor_SMD:C_0805_2012Metric,Driver:Capacitor_SMD__C_0805_2012Metric,保留Murata470nF/50V：三星候选未取得工作偏压有效容量及纹波对照。,"{""1"": ""VCOMBD_S"", ""2"": ""GND""}"
R39,True,RC0603FR-0733RL,0805W8F330JT5E,Resistor_SMD:R_0603_1608Metric,Driver:R_0805_HandSolder,同阻值±1%常用0805；手焊加长焊盘。,"{""1"": ""HOST_SCLK"", ""2"": ""SCLK""}"
R40,True,RC0603FR-0733RL,0805W8F330JT5E,Resistor_SMD:R_0603_1608Metric,Driver:R_0805_HandSolder,同阻值±1%常用0805；手焊加长焊盘。,"{""1"": ""HOST_MOSI"", ""2"": ""SI0""}"
R41,True,RC0603FR-0733RL,0805W8F330JT5E,Resistor_SMD:R_0603_1608Metric,Driver:R_0805_HandSolder,同阻值±1%常用0805；手焊加长焊盘。,"{""1"": ""HOST_CS_M_N"", ""2"": ""CS_M_N""}"
R42,True,RC0603FR-0733RL,0805W8F330JT5E,Resistor_SMD:R_0603_1608Metric,Driver:R_0805_HandSolder,同阻值±1%常用0805；手焊加长焊盘。,"{""1"": ""HOST_CS_S_N"", ""2"": ""CS_S_N""}"
R43,True,RC0603FR-0733RL,0805W8F330JT5E,Resistor_SMD:R_0603_1608Metric,Driver:R_0805_HandSolder,同阻值±1%常用0805；手焊加长焊盘。,"{""1"": ""HOST_RES_N"", ""2"": ""RES_N""}"
R44,True,RC0603FR-07100KL,0805W8F1003T5E,Resistor_SMD:R_0603_1608Metric,Driver:R_0805_HandSolder,同阻值±1%常用0805；手焊加长焊盘。,"{""1"": ""SCLK"", ""2"": ""GND""}"
R45,True,RC0603FR-07100KL,0805W8F1003T5E,Resistor_SMD:R_0603_1608Metric,Driver:R_0805_HandSolder,同阻值±1%常用0805；手焊加长焊盘。,"{""1"": ""SI0"", ""2"": ""GND""}"
R46,True,RC0603FR-07100KL,0805W8F1003T5E,Resistor_SMD:R_0603_1608Metric,Driver:R_0805_HandSolder,同阻值±1%常用0805；手焊加长焊盘。,"{""1"": ""CS_M_N"", ""2"": ""EPD_3V3""}"
R47,True,RC0603FR-07100KL,0805W8F1003T5E,Resistor_SMD:R_0603_1608Metric,Driver:R_0805_HandSolder,同阻值±1%常用0805；手焊加长焊盘。,"{""1"": ""CS_S_N"", ""2"": ""EPD_3V3""}"
R48,True,RC0603FR-07100KL,0805W8F1003T5E,Resistor_SMD:R_0603_1608Metric,Driver:R_0805_HandSolder,同阻值±1%常用0805；手焊加长焊盘。,"{""1"": ""RES_N"", ""2"": ""GND""}"
J2,True,TSW-108-07-G-D,SH-PZ254V-2x8P,Connector_PinHeader_2.54mm:PinHeader_2x08_P2.54mm_Vertical,Driver:Connector_PinHeader_2.54mm__PinHeader_2x08_P2.54mm_Vertical,首韩2×8直插排针；原厂图20.32×5.0mm、2.54mm双排、0.64mm方针、3A；孔径1.05mm。,"{""1"": ""HOST_SCLK"", ""2"": ""GND"", ""3"": ""HOST_MOSI"", ""4"": ""GND"", ""5"": ""SI1"", ""6"": ""GND"", ""7"": ""HOST_CS_M_N"", ""8"": ""GND"", ""9"": ""HOST_CS_S_N"", ""10"": ""GND"", ""11"": ""HOST_RES_N"", ""12"": ""GND"", ""13"": ""BUSY_N"", ""14"": ""GND"", ""15"": ""EPD_PWR_EN"", ""16"": null}"
FPC1,True,FPC-05FB-60PH20,FPC-05FB-60PH20,Driver:FPC_05FB_60PH20,Driver:FPC_05FB_60PH20,保留原型号/封装；本轮逐项复核，关键动态参数未有充分替代证据。,"{""1"": ""VCOMBD_M"", ""2"": ""RESEC"", ""3"": ""GDRC"", ""4"": ""RESEN"", ""5"": ""GDRN"", ""6"": ""RESEP"", ""7"": ""GDRP"", ""8"": ""GND"", ""9"": ""EPD_3V3"", ""10"": ""EPD_3V3"", ""11"": null, ""12"": ""VCC"", ""13"": ""VDDP"", ""14"": ""VDDP"", ""15"": null, ""16"": ""VDDN"", ""17"": ""VDDN"", ""18"": ""VCC"", ""19"": ""EPD_3V3"", ""20"": ""TSCL"", ""21"": ""TSDA"", ""22"": ""EPD_3V3"", ""23"": ""EPD_3V3"", ""24"": ""RES_N"", ""25"": ""BUSY_N"", ""26"": ""GND"", ""27"": ""CS_M_N"", ""28"": ""SCLK"", ""29"": ""SI0"", ""30"": ""SI1"", ""31"": ""SI2"", ""32"": ""SI3"", ""33"": ""DRVP"", ""34"": ""FBP"", ""35"": ""GND"", ""36"": ""VCOMBD_S"", ""37"": ""DRVN"", ""38"": ""FBN"", ""39"": ""REG_VGN"", ""40"": null, ""41"": ""VBB_3P5V"", ""42"": ""VSPH"", ""43"": ""VSPL"", ""44"": ""VSPL2"", ""45"": ""VSPH"", ""46"": ""VSPL"", ""47"": ""VSPL2"", ""48"": ""VSNH"", ""49"": ""VSNL"", ""50"": ""VSNL2"", ""51"": ""VSNL2"", ""52"": ""VSNL"", ""53"": ""VSNH"", ""54"": ""FPL_VCOM"", ""55"": ""TFT_VCOM"", ""56"": ""VBB_3P5V"", ""57"": null, ""58"": ""CS_S_N"", ""59"": ""VGH"", ""60"": ""VGL""}"
TP1,False,PCB test pad,PCB test pad,TestPoint:TestPoint_Pad_D1.5mm,Driver:TestPoint__TestPoint_Pad_D1.5mm,保留原型号/封装；本轮逐项复核，关键动态参数未有充分替代证据。,"{""1"": ""BENCH_3V3""}"
TP2,False,PCB test pad,PCB test pad,TestPoint:TestPoint_Pad_D1.5mm,Driver:TestPoint__TestPoint_Pad_D1.5mm,保留原型号/封装；本轮逐项复核，关键动态参数未有充分替代证据。,"{""1"": ""EPD_3V3""}"
TP3,False,PCB test pad,PCB test pad,TestPoint:TestPoint_Pad_D1.5mm,Driver:TestPoint__TestPoint_Pad_D1.5mm,保留原型号/封装；本轮逐项复核，关键动态参数未有充分替代证据。,"{""1"": ""EPD_3V3""}"
TP4,False,PCB test pad,PCB test pad,TestPoint:TestPoint_Pad_D1.5mm,Driver:TestPoint__TestPoint_Pad_D1.5mm,保留原型号/封装；本轮逐项复核，关键动态参数未有充分替代证据。,"{""1"": ""EPD_3V3""}"
TP5,False,PCB test pad,PCB test pad,TestPoint:TestPoint_Pad_D1.5mm,Driver:TestPoint__TestPoint_Pad_D1.5mm,保留原型号/封装；本轮逐项复核，关键动态参数未有充分替代证据。,"{""1"": ""VDDP""}"
TP6,False,PCB test pad,PCB test pad,TestPoint:TestPoint_Pad_D1.5mm,Driver:TestPoint__TestPoint_Pad_D1.5mm,保留原型号/封装；本轮逐项复核，关键动态参数未有充分替代证据。,"{""1"": ""VDDN""}"
TP7,False,PCB test pad,PCB test pad,TestPoint:TestPoint_Pad_D1.5mm,Driver:TestPoint__TestPoint_Pad_D1.5mm,保留原型号/封装；本轮逐项复核，关键动态参数未有充分替代证据。,"{""1"": ""VGH""}"
TP8,False,PCB test pad,PCB test pad,TestPoint:TestPoint_Pad_D1.5mm,Driver:TestPoint__TestPoint_Pad_D1.5mm,保留原型号/封装；本轮逐项复核，关键动态参数未有充分替代证据。,"{""1"": ""VGL""}"
TP9,False,PCB test pad,PCB test pad,TestPoint:TestPoint_Pad_D1.5mm,Driver:TestPoint__TestPoint_Pad_D1.5mm,保留原型号/封装；本轮逐项复核，关键动态参数未有充分替代证据。,"{""1"": ""VBB_3P5V""}"
TP10,False,PCB test pad,PCB test pad,TestPoint:TestPoint_Pad_D1.5mm,Driver:TestPoint__TestPoint_Pad_D1.5mm,保留原型号/封装；本轮逐项复核，关键动态参数未有充分替代证据。,"{""1"": ""VBB_3P5V""}"
TP11,False,PCB test pad,PCB test pad,TestPoint:TestPoint_Pad_D1.5mm,Driver:TestPoint__TestPoint_Pad_D1.5mm,保留原型号/封装；本轮逐项复核，关键动态参数未有充分替代证据。,"{""1"": ""TFT_VCOM""}"
TP12,False,PCB test pad,PCB test pad,TestPoint:TestPoint_Pad_D1.5mm,Driver:TestPoint__TestPoint_Pad_D1.5mm,保留原型号/封装；本轮逐项复核，关键动态参数未有充分替代证据。,"{""1"": ""VCC""}"
TP13,False,PCB test pad,PCB test pad,TestPoint:TestPoint_Pad_D1.5mm,Driver:TestPoint__TestPoint_Pad_D1.5mm,保留原型号/封装；本轮逐项复核，关键动态参数未有充分替代证据。,"{""1"": ""BUSY_N""}"
TP14,False,PCB test pad,PCB test pad,TestPoint:TestPoint_Pad_D1.5mm,Driver:TestPoint__TestPoint_Pad_D1.5mm,保留原型号/封装；本轮逐项复核，关键动态参数未有充分替代证据。,"{""1"": ""EPD_PWR_EN""}"
TP15,False,PCB test pad,PCB test pad,TestPoint:TestPoint_Pad_D1.5mm,Driver:TestPoint__TestPoint_Pad_D1.5mm,保留原型号/封装；本轮逐项复核，关键动态参数未有充分替代证据。,"{""1"": ""RES_N""}"
TP16,False,PCB test pad,PCB test pad,TestPoint:TestPoint_Pad_D1.5mm,Driver:TestPoint__TestPoint_Pad_D1.5mm,保留原型号/封装；本轮逐项复核，关键动态参数未有充分替代证据。,"{""1"": ""GND""}"
TP17,False,PCB test pad,PCB test pad,TestPoint:TestPoint_Pad_D1.5mm,Driver:TestPoint__TestPoint_Pad_D1.5mm,保留原型号/封装；本轮逐项复核，关键动态参数未有充分替代证据。,"{""1"": ""GND""}"
TP18,False,PCB test pad,PCB test pad,TestPoint:TestPoint_Pad_D1.5mm,Driver:TestPoint__TestPoint_Pad_D1.5mm,保留原型号/封装；本轮逐项复核，关键动态参数未有充分替代证据。,"{""1"": ""GND""}"
TP19,False,PCB test pad,PCB test pad,TestPoint:TestPoint_Pad_D1.5mm,Driver:TestPoint__TestPoint_Pad_D1.5mm,保留原型号/封装；本轮逐项复核，关键动态参数未有充分替代证据。,"{""1"": ""GND""}"
TP20,False,PCB test pad,PCB test pad,TestPoint:TestPoint_Pad_D1.5mm,Driver:TestPoint__TestPoint_Pad_D1.5mm,保留原型号/封装；本轮逐项复核，关键动态参数未有充分替代证据。,"{""1"": ""GND""}"
TP21,False,PCB test pad,PCB test pad,TestPoint:TestPoint_Pad_D1.5mm,Driver:TestPoint__TestPoint_Pad_D1.5mm,保留原型号/封装；本轮逐项复核，关键动态参数未有充分替代证据。,"{""1"": ""GND""}"
TP22,False,PCB test pad,PCB test pad,TestPoint:TestPoint_Pad_D1.5mm,Driver:TestPoint__TestPoint_Pad_D1.5mm,保留原型号/封装；本轮逐项复核，关键动态参数未有充分替代证据。,"{""1"": ""GND""}"
TP23,False,PCB test pad,PCB test pad,TestPoint:TestPoint_Pad_D1.5mm,Driver:TestPoint__TestPoint_Pad_D1.5mm,保留原型号/封装；本轮逐项复核，关键动态参数未有充分替代证据。,"{""1"": ""GND""}"
TP24,False,PCB test pad,PCB test pad,TestPoint:TestPoint_Pad_D1.5mm,Driver:TestPoint__TestPoint_Pad_D1.5mm,保留原型号/封装；本轮逐项复核，关键动态参数未有充分替代证据。,"{""1"": ""GND""}"
C36,True,C0805C102J5GACTU,C0805C102J5GACTU,Capacitor_SMD:C_0805_2012Metric,Driver:Capacitor_SMD__C_0805_2012Metric,保留原型号/封装；本轮逐项复核，关键动态参数未有充分替代证据。,"{""1"": ""BENCH_3V3"", ""2"": ""SW_CT""}"
R49,True,RC0805JR-070RL,RC0805JR-070RL,Resistor_SMD:R_0805_2012Metric,Driver:Resistor_SMD__R_0805_2012Metric,保留原型号/封装；本轮逐项复核，关键动态参数未有充分替代证据。,"{""1"": ""GDRC"", ""2"": ""Q7_GATE""}"
TP25,False,PCB test pad,PCB test pad,TestPoint:TestPoint_Pad_D1.5mm,Driver:TestPoint__TestPoint_Pad_D1.5mm,保留原型号/封装；本轮逐项复核，关键动态参数未有充分替代证据。,"{""1"": ""GDRC""}"
TP26,False,PCB test pad,PCB test pad,TestPoint:TestPoint_Pad_D1.5mm,Driver:TestPoint__TestPoint_Pad_D1.5mm,保留原型号/封装；本轮逐项复核，关键动态参数未有充分替代证据。,"{""1"": ""Q7_GATE""}"
R50,True,新增,0805W8F2003T5E,新增,Driver:R_0805_HandSolder,与R17串联：200k+200k=400k，±1%最坏误差，±100ppm/℃。,"{""1"": ""VGL"", ""2"": ""VGL_FB_MID""}"
