Comment,Designator,Footprint,Quantity,Manufacturer,MPN
0 ohm RC0805JR-070RL,R49,0805,1,Yageo,RC0805JR-070RL
0.2 ohm WSL1206R2000FEA,"U1,U2,U3",1206,3,Vishay,WSL1206R2000FEA
1.5k ohm RC0603FR-071K5L,R12,0603,1,Yageo,RC0603FR-071K5L
100k ohm RC0603FR-07100KL,"R11,R30,R35,R36,R44,R45,R46,R47,R48",0603,9,Yageo,RC0603FR-07100KL
100nF/50V GRM188R71H104KA93D,"C27,C33",0603,2,Murata,GRM188R71H104KA93D
100uF/6.3V GRM32ER60J107ME20L,"C31,C32",1210,2,Murata,GRM32ER60J107ME20L
10uF/50V GRM32ER71H106KA12L,"C1,C103,C104,C106,C107,C109,C110,C112,C113,C115,C116,C118,C119,C13,C15,C2,C20,C3,C4,C5,C6,C7",1210,22,Murata,GRM32ER71H106KA12L
110k ohm RC0603FR-07110KL,R8,0603,1,Yageo,RC0603FR-07110KL
15uH MSS1246-153MLC,"L1,L2,L3",MSS1246,3,Coilcraft,MSS1246-153MLC
16k ohm RC0603FR-0716KL,R18,0603,1,Yageo,RC0603FR-0716KL
1M ohm RC0603FR-071ML,"R13,R2,R3",0603,3,Yageo,RC0603FR-071ML
1nF/50V C0G C0805C102J5GACTU,C36,0805,1,KEMET,C0805C102J5GACTU
1uF/50V GRM21BR71H105KA12L,"C22,C25",0805,2,Murata,GRM21BR71H105KA12L
2.2 ohm RC0603FR-072R2L,"R10,R19",0603,2,Yageo,RC0603FR-072R2L
2.2uF/50V GRM32ER71H225KA88L,C28,1210,1,Murata,GRM32ER71H225KA88L
220nF/50V GRM21BR71H224KA01L,C18,0805,1,Murata,GRM21BR71H224KA01L
2k ohm RC0603FR-072KL,R1,0603,1,Yageo,RC0603FR-072KL
3.3uF/50V GRM32DR71H335KA88L,"C105,C108,C111,C114,C117,C120",1210,6,Murata,GRM32DR71H335KA88L
33 ohm RC0603FR-0733RL,"R39,R40,R41,R42,R43",0603,5,Yageo,RC0603FR-0733RL
4.3k ohm RC0603FR-074K3L,R7,0603,1,Yageo,RC0603FR-074K3L
4.7k ohm RC0603FR-074K7L,"R20,R21",0603,2,Yageo,RC0603FR-074K7L
4.7uF/50V GRM32ER71H475KA88L,"C12,C14,C16,C19,C21,C29,C30,C8",1210,8,Murata,GRM32ER71H475KA88L
400k ohm RC0603FR-07400KL,R17,0603,1,Yageo,RC0603FR-07400KL
470nF/50V GRM21BR71H474KA88L,"C10,C11,C17,C23,C24,C9",0805,6,Murata,GRM21BR71H474KA88L
47nF/50V GRM188R71H473KA61D,C26,0603,1,Murata,GRM188R71H473KA61D
B0530W-7-F B0530W-7-F,D4,SOD-123,1,Diodes,B0530W-7-F
BAT54S-7-F BAT54S-7-F,"D3,D5,D6",SOT-23,3,Diodes,BAT54S-7-F
DMN3065LW-7 DMN3065LW-7,"Q1,Q4",SOT-323,2,Diodes,DMN3065LW-7
DMP3068L-7 DMP3068L-7,Q8,SOT-23,1,Diodes,DMP3068L-7
FPC-05FB-60PH20 FPC-05FB-60PH20,FPC1,Driver:FPC_05FB_60PH20,1,Xunpu,FPC-05FB-60PH20
MBR230S1F-7 MBR230S1F-7,"D1,D2",SOD-123F,2,Diodes,MBR230S1F-7
MMBT3904-7-F MMBT3904-7-F,Q6,SOT-23,1,Diodes,MMBT3904-7-F
MMBT3906-7-F MMBT3906-7-F,Q3,SOT-23,1,Diodes,MMBT3906-7-F
PJA3433_R1_00001 PJA3433_R1_00001,Q7,SOT-23,1,Panjit,PJA3433_R1_00001
TCN75AVOA713 TCN75AVOA713,U4,SOIC-8,1,Microchip,TCN75AVOA713
TPS22917DBVR TPS22917DBVR,U5,SOT-23-6,1,Texas Instruments,TPS22917DBVR
