Ref,Val,Package,PosX,PosY,Rot,Side
"C1","10uF/50V","Capacitor_SMD__C_1210_3225Metric",72.500000,-67.000000,90.000000,top
"C2","10uF/50V","Capacitor_SMD__C_1210_3225Metric",81.500000,-67.000000,90.000000,top
"C3","10uF/50V","Capacitor_SMD__C_1210_3225Metric",90.500000,-67.000000,90.000000,top
"C4","10uF/50V","Capacitor_SMD__C_1210_3225Metric",99.500000,-67.000000,90.000000,top
"C5","10uF/50V","Capacitor_SMD__C_1210_3225Metric",108.500000,-67.000000,90.000000,top
"C6","10uF/50V","Capacitor_SMD__C_1210_3225Metric",117.500000,-67.000000,90.000000,top
"C7","10uF/50V","Capacitor_SMD__C_1210_3225Metric",128.000000,-66.000000,0.000000,top
"C8","4.7uF/50V","Capacitor_SMD__C_1210_3225Metric",128.000000,-72.000000,0.000000,top
"C9","470nF/50V","Capacitor_SMD__C_0805_2012Metric",135.000000,-68.000000,0.000000,top
"C10","470nF/50V","Capacitor_SMD__C_0805_2012Metric",141.000000,-62.000000,0.000000,top
"C11","470nF/50V","Capacitor_SMD__C_0805_2012Metric",141.000000,-68.000000,0.000000,top
"C12","4.7uF/50V","Capacitor_SMD__C_1210_3225Metric",64.000000,-90.000000,0.000000,top
"C13","10uF/50V","Capacitor_SMD__C_1210_3225Metric",80.000000,-99.000000,0.000000,top
"C14","4.7uF/50V","Capacitor_SMD__C_1210_3225Metric",84.000000,-90.000000,0.000000,top
"C15","10uF/50V","Capacitor_SMD__C_1210_3225Metric",101.000000,-99.000000,0.000000,top
"C16","4.7uF/50V","Capacitor_SMD__C_1210_3225Metric",79.000000,-105.000000,0.000000,top
"C17","470nF/50V","Capacitor_SMD__C_0805_2012Metric",79.000000,-109.000000,0.000000,top
"C18","220nF/50V","Capacitor_SMD__C_0805_2012Metric",70.000000,-111.000000,0.000000,top
"C19","4.7uF/50V","Capacitor_SMD__C_1210_3225Metric",104.000000,-90.000000,0.000000,top
"C20","10uF/50V","Capacitor_SMD__C_1210_3225Metric",121.000000,-99.000000,0.000000,top
"C21","4.7uF/50V","Capacitor_SMD__C_1210_3225Metric",142.000000,-75.000000,0.000000,top
"C22","1uF/50V","Capacitor_SMD__C_0805_2012Metric",131.000000,-79.000000,0.000000,top
"C23","470nF/50V","Capacitor_SMD__C_0805_2012Metric",142.000000,-79.000000,0.000000,top
"C24","470nF/50V","Capacitor_SMD__C_0805_2012Metric",142.000000,-87.000000,0.000000,top
"C25","1uF/50V","Capacitor_SMD__C_0805_2012Metric",137.000000,-95.000000,0.000000,top
"C26","47nF/50V","Capacitor_SMD__C_0603_1608Metric",131.000000,-91.000000,0.000000,top
"C27","100nF/50V","Capacitor_SMD__C_0603_1608Metric",56.000000,-74.000000,0.000000,top
"C28","2.2uF/50V","Capacitor_SMD__C_1210_3225Metric",73.000000,-115.000000,0.000000,top
"C29","4.7uF/50V","Capacitor_SMD__C_1210_3225Metric",87.000000,-114.000000,0.000000,top
"C30","4.7uF/50V","Capacitor_SMD__C_1210_3225Metric",93.000000,-114.000000,0.000000,top
"C31","100uF/6.3V","Capacitor_SMD__C_1210_3225Metric",106.000000,-112.000000,0.000000,top
"C32","100uF/6.3V","Capacitor_SMD__C_1210_3225Metric",112.000000,-112.000000,0.000000,top
"C33","100nF/50V","Capacitor_SMD__C_0603_1608Metric",104.000000,-123.000000,0.000000,top
"C36","1nF/50V C0G","Capacitor_SMD__C_0805_2012Metric",87.000000,-125.000000,0.000000,top
"C103","10uF/50V","Capacitor_SMD__C_1210_3225Metric",77.500000,-67.000000,90.000000,top
"C104","10uF/50V","Capacitor_SMD__C_1210_3225Metric",72.500000,-73.000000,90.000000,top
"C105","3.3uF/50V","Capacitor_SMD__C_1210_3225Metric",77.500000,-73.000000,90.000000,top
"C106","10uF/50V","Capacitor_SMD__C_1210_3225Metric",86.500000,-67.000000,90.000000,top
"C107","10uF/50V","Capacitor_SMD__C_1210_3225Metric",81.500000,-73.000000,90.000000,top
"C108","3.3uF/50V","Capacitor_SMD__C_1210_3225Metric",86.500000,-73.000000,90.000000,top
"C109","10uF/50V","Capacitor_SMD__C_1210_3225Metric",95.500000,-67.000000,90.000000,top
"C110","10uF/50V","Capacitor_SMD__C_1210_3225Metric",90.500000,-73.000000,90.000000,top
"C111","3.3uF/50V","Capacitor_SMD__C_1210_3225Metric",95.500000,-73.000000,90.000000,top
"C112","10uF/50V","Capacitor_SMD__C_1210_3225Metric",104.500000,-67.000000,90.000000,top
"C113","10uF/50V","Capacitor_SMD__C_1210_3225Metric",99.500000,-73.000000,90.000000,top
"C114","3.3uF/50V","Capacitor_SMD__C_1210_3225Metric",104.500000,-73.000000,90.000000,top
"C115","10uF/50V","Capacitor_SMD__C_1210_3225Metric",113.500000,-67.000000,90.000000,top
"C116","10uF/50V","Capacitor_SMD__C_1210_3225Metric",108.500000,-73.000000,90.000000,top
"C117","3.3uF/50V","Capacitor_SMD__C_1210_3225Metric",113.500000,-73.000000,90.000000,top
"C118","10uF/50V","Capacitor_SMD__C_1210_3225Metric",122.500000,-67.000000,90.000000,top
"C119","10uF/50V","Capacitor_SMD__C_1210_3225Metric",117.500000,-73.000000,90.000000,top
"C120","3.3uF/50V","Capacitor_SMD__C_1210_3225Metric",122.500000,-73.000000,90.000000,top
"D1","MBR230S1F-7","Diode_SMD__D_SOD-123F",79.000000,-94.000000,0.000000,top
"D2","MBR230S1F-7","Diode_SMD__D_SOD-123F",99.000000,-93.000000,0.000000,top
"D3","BAT54S-7-F","Package_TO_SOT_SMD__SOT-23",74.000000,-106.000000,0.000000,top
"D4","B0530W-7-F","Diode_SMD__D_SOD-123",119.000000,-93.000000,0.000000,top
"D5","BAT54S-7-F","Package_TO_SOT_SMD__SOT-23",136.000000,-79.000000,0.000000,top
"D6","BAT54S-7-F","Package_TO_SOT_SMD__SOT-23",136.000000,-87.000000,0.000000,top
"FPC1","FPC-05FB-60PH20","FPC_05FB_60PH20",100.000000,-55.000000,0.000000,top
"L1","15uH","Inductor_SMD__L_Coilcraft_MSS1246T-XXX",74.000000,-85.000000,0.000000,top
"L2","15uH","Inductor_SMD__L_Coilcraft_MSS1246T-XXX",94.000000,-85.000000,0.000000,top
"L3","15uH","Inductor_SMD__L_Coilcraft_MSS1246T-XXX",114.000000,-85.000000,0.000000,top
"Q1","DMN3065LW-7","Package_TO_SOT_SMD__SOT-323_SC-70",74.000000,-95.000000,0.000000,top
"Q3","MMBT3906-7-F","Package_TO_SOT_SMD__SOT-23",70.000000,-107.000000,0.000000,top
"Q4","DMN3065LW-7","Package_TO_SOT_SMD__SOT-323_SC-70",65.000000,-107.000000,0.000000,top
"Q6","MMBT3904-7-F","Package_TO_SOT_SMD__SOT-23",131.000000,-87.000000,0.000000,top
"Q7","PJA3433_R1_00001","Package_TO_SOT_SMD__SOT-23",114.000000,-95.000000,0.000000,top
"Q8","DMP3068L-7","Package_TO_SOT_SMD__SOT-23",94.000000,-95.000000,0.000000,top
"R1","2k ohm","Resistor_SMD__R_0603_1608Metric",122.000000,-62.000000,0.000000,top
"R2","1M ohm","Resistor_SMD__R_0603_1608Metric",69.000000,-98.000000,0.000000,top
"R3","1M ohm","Resistor_SMD__R_0603_1608Metric",89.000000,-98.000000,0.000000,top
"R7","4.3k ohm","Resistor_SMD__R_0603_1608Metric",84.000000,-105.000000,0.000000,top
"R8","110k ohm","Resistor_SMD__R_0603_1608Metric",84.000000,-108.000000,0.000000,top
"R10","2.2 ohm","Resistor_SMD__R_0603_1608Metric",84.000000,-111.000000,0.000000,top
"R11","100k ohm","Resistor_SMD__R_0603_1608Metric",65.000000,-111.000000,0.000000,top
"R12","1.5k ohm","Resistor_SMD__R_0603_1608Metric",61.000000,-111.000000,0.000000,top
"R13","1M ohm","Resistor_SMD__R_0603_1608Metric",109.000000,-98.000000,0.000000,top
"R17","400k ohm","Resistor_SMD__R_0603_1608Metric",141.000000,-91.000000,0.000000,top
"R18","16k ohm","Resistor_SMD__R_0603_1608Metric",141.000000,-95.000000,0.000000,top
"R19","2.2 ohm","Resistor_SMD__R_0603_1608Metric",142.000000,-83.000000,0.000000,top
"R20","4.7k ohm","Resistor_SMD__R_0603_1608Metric",59.000000,-70.000000,0.000000,top
"R21","4.7k ohm","Resistor_SMD__R_0603_1608Metric",64.000000,-70.000000,0.000000,top
"R30","100k ohm","Resistor_SMD__R_0603_1608Metric",82.000000,-123.000000,0.000000,top
"R35","100k ohm","Resistor_SMD__R_0603_1608Metric",80.000000,-59.000000,0.000000,top
"R36","100k ohm","Resistor_SMD__R_0603_1608Metric",90.000000,-53.500000,0.000000,top
"R39","33 ohm","Resistor_SMD__R_0603_1608Metric",99.000000,-127.000000,0.000000,top
"R40","33 ohm","Resistor_SMD__R_0603_1608Metric",104.000000,-127.000000,0.000000,top
"R41","33 ohm","Resistor_SMD__R_0603_1608Metric",109.000000,-127.000000,0.000000,top
"R42","33 ohm","Resistor_SMD__R_0603_1608Metric",114.000000,-127.000000,0.000000,top
"R43","33 ohm","Resistor_SMD__R_0603_1608Metric",118.000000,-125.000000,0.000000,top
"R44","100k ohm","Resistor_SMD__R_0603_1608Metric",99.000000,-108.000000,0.000000,top
"R45","100k ohm","Resistor_SMD__R_0603_1608Metric",104.000000,-108.000000,0.000000,top
"R46","100k ohm","Resistor_SMD__R_0603_1608Metric",109.000000,-108.000000,0.000000,top
"R47","100k ohm","Resistor_SMD__R_0603_1608Metric",114.000000,-108.000000,0.000000,top
"R48","100k ohm","Resistor_SMD__R_0603_1608Metric",119.000000,-108.000000,0.000000,top
"R49","0 ohm","Resistor_SMD__R_0805_2012Metric",108.900000,-93.700000,0.000000,top
"U1","0.2 ohm","Resistor_SMD__R_1206_3216Metric",74.000000,-100.000000,0.000000,top
"U2","0.2 ohm","Resistor_SMD__R_1206_3216Metric",94.000000,-100.000000,0.000000,top
"U3","0.2 ohm","Resistor_SMD__R_1206_3216Metric",114.000000,-100.000000,0.000000,top
"U4","TCN75AVOA713","Package_SO__SOIC-8_3.9x4.9mm_P1.27mm",62.000000,-77.000000,0.000000,top
"U5","TPS22917DBVR","Package_TO_SOT_SMD__SOT-23-6",82.000000,-119.000000,0.000000,top
