Connector,Pin,Net,Direction,SupplyDomain,DefaultState
J2,1,HOST_SCLK,Host to driver,3.3V only; direct interface,See interface-power-state.md
J2,2,GND,Supply/reference,3.3V only; direct interface,Common ground
J2,3,HOST_MOSI,Host to driver,3.3V only; direct interface,See interface-power-state.md
J2,4,GND,Supply/reference,3.3V only; direct interface,Common ground
J2,5,SI1,Driver to host,3.3V only; direct interface,See interface-power-state.md
J2,6,GND,Supply/reference,3.3V only; direct interface,Common ground
J2,7,HOST_CS_M_N,Host to driver,3.3V only; direct interface,See interface-power-state.md
J2,8,GND,Supply/reference,3.3V only; direct interface,Common ground
J2,9,HOST_CS_S_N,Host to driver,3.3V only; direct interface,See interface-power-state.md
J2,10,GND,Supply/reference,3.3V only; direct interface,Common ground
J2,11,HOST_RES_N,Host to driver,3.3V only; direct interface,See interface-power-state.md
J2,12,GND,Supply/reference,3.3V only; direct interface,Common ground
J2,13,BUSY_N,Driver to host,3.3V only; direct interface,See interface-power-state.md
J2,14,GND,Supply/reference,3.3V only; direct interface,Common ground
J2,15,EPD_PWR_EN,Host to driver,3.3V only; direct interface,LOW by R30; screen disabled
J2,16,,Supply/reference,3.3V only; direct interface,Unconnected; do not use
