序号,例外编号,位号,每板数量,原MPN,原C号,候选MPN,候选C号,封装,国内库类别,免费依据,商城库存只,SMT库存只,查询时间,商城查询时间,SMT来源,MOQ只,购买倍数只,状态,电气审查,采购链接,原厂资料,候选其他C号,SMT人民币阶梯,机器贴换料费CNY,非免费时官方上界每单CNY,商城人民币阶梯,1板+0备品商城购买量,1板+0备品商城付款CNY,1板+0备品SMT元件费CNY,SMT金额口径,SMT MOQ只,SMT购买倍数只,1板+2备品商城购买量,1板+2备品商城付款CNY,1板+2备品SMT元件费CNY,5板+0备品商城购买量,5板+0备品商城付款CNY,5板+0备品SMT元件费CNY,5板+2备品商城购买量,5板+2备品商城付款CNY,5板+2备品SMT元件费CNY,必要性,自焊难度,推荐处理,用户决定,决定状态,已验证设计调整,采购可执行,商城付款口径,用途与节点
1,E01,"C13,C15,C20,C1,C103,C104,C2,C106,C107,C3,C109,C110,C4,C112,C113,C5,C115,C116,C6,C118,C119,C7",22,GRM32ER71H106KA12L,C77102,GRM32ER71H106KA12L,C77102,1210,SMT扩展库,扩展库,0,37069,2026-10-10T13:19:38.958Z,2026-10-10T21:01:18.375683+08:00,https://www.jlc-smt.com/lcsc/search?q=C77102,1,5,普通扩展库收费；例外待决定,三环C50767259等标称10µF/50V/1210；未获六组源极及各输出实际偏压容量、ESR和纹波证据，不通过减少容量或降耐压节省费用。,https://item.szlcsc.com/78229.html,https://atta.szlcsc.com/upload/public/pdf/source/20200305/C490387_23319AE8C154DEB24C505E6C82A8106A.pdf,C50767259,1只起:2.0223元/只; 50只起:1.656元/只; 150只起:1.478元/只; 1000只起:1.296元/只; 2000只起:1.252元/只; 5000只起:1.226元/只,20,20,5只起:2.0223元/只; 50只起:1.6562元/只; 150只起:1.4775元/只; 1000只起:1.2961元/只; 2000只起:1.2523元/只; 5000只起:1.226元/只,25,50.5575,44.4906,按只公开阶梯理论额；MOQ、损耗、备品交付方式未取得，不是订单付款,,,25,50.5575,48.5352,110,182.182,182.16,115,190.463,185.472,必须；调试电阻也正常装配，非DNP,低：0805/1210两端器件,优先保留原料自焊，以免该组换料费；自焊工具/时间成本未报价,,待用户逐项决定,无；候选有证据缺口，不通过选择“调整”自动批准,查询时库存满足1/5板＋备品；订单时须重核,按公开单价、MOQ和倍数计算，不含运费；Q7无库存金额仅历史价格参考,"C13:VDDP,GND；C15:VDDN,GND；C20:VBB_3P5V,GND；C1:VSPH,GND；C103:VSPH,GND；C104:VSPH,GND；C2:VSPL,GND；C106:VSPL,GND；C107:VSPL,GND；C3:VSPL2,GND；C109:VSPL2,GND；C110:VSPL2,GND；C4:VSNH,GND；C112:VSNH,GND；C113:VSNH,GND；C5:VSNL,GND；C115:VSNL,GND；C116:VSNL,GND；C6:VSNL2,GND；C118:VSNL2,GND；C119:VSNL2,GND；C7:VCC,GND"
2,E02,U4,1,TCN75AVOA713,C144313,TCN75AVOA713,C144313,SOIC-8,SMT扩展库,扩展库,436,534,2026-10-10T13:26:10.222Z,2026-10-10T21:01:21.645904+08:00,https://www.jlc-smt.com/lcsc/search?q=C144313,1,1,普通扩展库收费；例外待决定,TCN75A温度传感器需I2C地址/寄存器、分辨率、精度和固件兼容；TMP75/LM75不能只按同SOIC8判定。未获合格免费替代。,https://item.szlcsc.com/155645.html,https://ww1.microchip.com/downloads/en/DeviceDoc/21935c.pdf,"C636980,C28085,C30389",1只起:7.8元/只; 10只起:6.61元/只; 30只起:5.96元/只; 100只起:5.22元/只; 500只起:4.89元/只; 1000只起:4.74元/只,20,20,1只起:7.8元/只; 10只起:6.61元/只; 30只起:5.96元/只; 100只起:5.22元/只,1,7.8,7.8,按只公开阶梯理论额；MOQ、损耗、备品交付方式未取得，不是订单付款,,,3,23.4,23.4,5,39.0,39.0,7,54.6,54.6,必须；调试电阻也正常装配，非DNP,中：三脚/SOIC，核对极性脚序,优先保留原料自焊，以免该组换料费；自焊工具/时间成本未报价,,待用户逐项决定,无；候选有证据缺口，不通过选择“调整”自动批准,查询时库存满足1/5板＋备品；订单时须重核,按公开单价、MOQ和倍数计算，不含运费；Q7无库存金额仅历史价格参考,"U4:TSDA,TSCL,GND,GND,GND,GND,EPD_3V3"
3,E03,"C105,C108,C111,C114,C117,C120",6,GRM32DR71H335KA88L,C397310,GRM32DR71H335KA88L,C397310,1210,SMT扩展库,扩展库,3015,3073,2026-10-10T13:19:42.208Z,2026-10-10T21:01:22.044955+08:00,https://www.jlc-smt.com/lcsc/search?q=C397310,1,5,普通扩展库收费；例外待决定,信昌C1021610等3.3µF/50V候选缺工作偏压/ESR对照；六组每组2×10µF+3.3µF配置保持。,https://item.szlcsc.com/378870.html,https://atta.szlcsc.com/upload/public/pdf/source/20190712/C397310_8EB97581BD3F98F2177A74ABEE8CEC8B.pdf,C1021610,1只起:2.136元/只; 50只起:1.749元/只; 150只起:1.583元/只; 1000只起:1.376元/只; 2000只起:1.284元/只; 5000只起:1.229元/只,20,20,5只起:2.1357元/只; 50只起:1.7487元/只; 150只起:1.5829元/只; 1000只起:1.376元/只; 2000只起:1.2838元/只,10,21.357,12.816,按只公开阶梯理论额；MOQ、损耗、备品交付方式未取得，不是订单付款,,,10,21.357,17.088,30,64.071,64.08,35,74.7495,68.352,必须；调试电阻也正常装配，非DNP,低：0805/1210两端器件,优先保留原料自焊，以免该组换料费；自焊工具/时间成本未报价,,待用户逐项决定,无；候选有证据缺口，不通过选择“调整”自动批准,查询时库存满足1/5板＋备品；订单时须重核,按公开单价、MOQ和倍数计算，不含运费；Q7无库存金额仅历史价格参考,"C105:VSPH,GND；C108:VSPL,GND；C111:VSPL2,GND；C114:VSNH,GND；C117:VSNL,GND；C120:VSNL2,GND"
4,E04,"C31,C32",2,GRM32ER60J107ME20L,C88154,GRM32ER60J107ME20L,C88154,1210,SMT扩展库,扩展库,19155,19155,2026-10-10T13:19:40.634Z,2026-10-10T21:01:16.527690+08:00,https://www.jlc-smt.com/lcsc/search?q=C88154,1,5,普通扩展库收费；例外待决定,三星C49066等100µF/6.3V候选缺3.3V有效容量及输入开关瞬态/ESR对照；不以同标称容量直接通过。,https://item.szlcsc.com/89332.html,https://atta.szlcsc.com/upload/public/pdf/source/20170116/1484561244372.pdf,C49066,1只起:2.928元/只; 50只起:2.631元/只; 150只起:2.486元/只; 1000只起:2.357元/只; 2000只起:2.321元/只; 5000只起:2.3元/只,20,20,5只起:2.9282元/只; 50只起:2.6312元/只; 150只起:2.4862元/只; 1000只起:2.3569元/只; 2000只起:2.3214元/只; 5000只起:2.3元/只,5,14.641,5.856,按只公开阶梯理论额；MOQ、损耗、备品交付方式未取得，不是订单付款,,,5,14.641,11.712,10,29.282,29.28,15,43.923,35.136,必须；调试电阻也正常装配，非DNP,低：0805/1210两端器件,优先保留原料自焊，以免该组换料费；自焊工具/时间成本未报价,,待用户逐项决定,无；候选有证据缺口，不通过选择“调整”自动批准,查询时库存满足1/5板＋备品；订单时须重核,按公开单价、MOQ和倍数计算，不含运费；Q7无库存金额仅历史价格参考,"C31:EPD_3V3,GND；C32:EPD_3V3,GND"
5,E05,"C28,C29,C30,C12,C14,C19,C16,C21,C8",9,GRM32ER71H475KA88L,C86052,GRM32ER71H475KA88L,C86052,1210,SMT扩展库,扩展库,37790,45538,2026-10-10T13:20:17.908Z,2026-10-10T21:01:17.436057+08:00,https://www.jlc-smt.com/lcsc/search?q=C86052,1,5,普通扩展库收费；例外待决定,4.7µF/50V输出储能与输入去耦组；便宜同容值料缺偏压/ESR证据。C28在上游的增容已在v0.8评审，本轮不重复改变电路。,https://item.szlcsc.com/87228.html,https://search.murata.co.jp/Ceramy/image/img/A01X/G101/ENG/GRM32ER71H475KA88-01A.pdf,"C381466,C33546021,C2840282,C6120035,C49451356",1只起:0.886元/只; 50只起:0.732元/只; 150只起:0.653元/只; 1000只起:0.588元/只; 2000只起:0.565元/只; 5000只起:0.55元/只,20,20,5只起:0.8859元/只; 50只起:0.7323元/只; 150只起:0.6532元/只; 1000只起:0.5881元/只; 2000只起:0.5654元/只; 5000只起:0.55元/只,10,8.859,7.974,按只公开阶梯理论额；MOQ、损耗、备品交付方式未取得，不是订单付款,,,15,13.2885,9.746,45,39.8655,39.87,50,36.615,41.642,必须；调试电阻也正常装配，非DNP,低：0805/1210两端器件,优先保留原料自焊，以免该组换料费；自焊工具/时间成本未报价,,待用户逐项决定,无；候选有证据缺口，不通过选择“调整”自动批准,查询时库存满足1/5板＋备品；订单时须重核,按公开单价、MOQ和倍数计算，不含运费；Q7无库存金额仅历史价格参考,"C28:BENCH_3V3,GND；C29:EPD_3V3,GND；C30:EPD_3V3,GND；C12:EPD_3V3,GND；C14:EPD_3V3,GND；C19:EPD_3V3,GND；C16:VGH,GND；C21:VGL,GND；C8:TFT_VCOM,GND"
6,E06,"U1,U2,U3",3,WSL1206R2000FEA,C2073442,WSL1206R2000FEA,C2073442,1206,SMT扩展库,扩展库,2094,2094,2026-10-10T13:20:50.553Z,2026-10-10T21:01:18.363394+08:00,https://www.jlc-smt.com/lcsc/search?q=C2073442,1,1,普通扩展库收费；例外待决定,0.2Ω金属采样电阻需脉冲能量、温漂、Kelvin采样与尺寸匹配；C42460613等1W标称不能证明实际脉冲优于WSL。保留现料。,https://item.szlcsc.com/2165027.html,https://atta.szlcsc.com/upload/public/pdf/source/20210602/CE5897E13CB99DCF20BCC39AB0A05E7D.pdf,C42460613,1只起:2.48元/只; 10只起:1.93元/只; 30只起:1.7元/只; 100只起:1.41元/只; 500只起:1.27元/只; 1000只起:1.2元/只,20,20,1只起:2.48元/只; 10只起:1.93元/只; 30只起:1.7元/只; 100只起:1.41元/只; 500只起:1.27元/只; 1000只起:1.2元/只,3,7.44,7.44,按只公开阶梯理论额；MOQ、损耗、备品交付方式未取得，不是订单付款,,,5,12.4,12.4,15,28.95,28.95,17,32.81,32.81,必须；调试电阻也正常装配，非DNP,低：0805/1210两端器件,优先保留原料自焊，以免该组换料费；自焊工具/时间成本未报价,,待用户逐项决定,无；候选有证据缺口，不通过选择“调整”自动批准,查询时库存满足1/5板＋备品；订单时须重核,按公开单价、MOQ和倍数计算，不含运费；Q7无库存金额仅历史价格参考,"U1:RESEP,GND；U2:EPD_3V3,RESEN；U3:EPD_3V3,RESEC"
7,E07,U5,1,TPS22917DBVR,C2681320,TPS22917DBVR,C2681320,SOT-23-6,SMT扩展库,扩展库,21355,23889,2026-10-10T13:26:22.890Z,2026-10-10T21:01:16.642686+08:00,https://www.jlc-smt.com/lcsc/search?q=C2681320,1,5,普通扩展库收费；例外待决定,MX22917T23 C5359093的Ron约240mΩ，原TPS约80mΩ；CT、QOD、反灌、静态电流与热/瞬态未完成对照。不取消安全掉电功能。,https://item.szlcsc.com/2775165.html,https://www.ti.com/lit/ds/symlink/tps22917.pdf,C5359093,1只起:2.448元/只; 50只起:1.894元/只; 150只起:1.657元/只; 500只起:1.361元/只; 3000只起:1.229元/只; 6000只起:1.15元/只,20,20,5只起:2.4481元/只; 50只起:1.8942元/只; 150只起:1.6568元/只; 500只起:1.3606元/只; 3000只起:1.2288元/只; 6000只起:1.1496元/只,5,12.2405,2.448,按只公开阶梯理论额；MOQ、损耗、备品交付方式未取得，不是订单付款,,,5,12.2405,7.344,5,12.2405,12.24,10,24.481,17.136,必须；调试电阻也正常装配，非DNP,中：三脚/SOIC，核对极性脚序,优先保留原料自焊，以免该组换料费；自焊工具/时间成本未报价,,待用户逐项决定,无；候选有证据缺口，不通过选择“调整”自动批准,查询时库存满足1/5板＋备品；订单时须重核,按公开单价、MOQ和倍数计算，不含运费；Q7无库存金额仅历史价格参考,"U5:BENCH_3V3,GND,EPD_PWR_EN,SW_CT,EPD_3V3,EPD_3V3"
8,E08,Q7,1,PJA3433_R1_00001,C6628419,PJA3433_R1_00001,C6628419,SOT-23,SMT扩展库,扩展库,0,0,2026-10-10T13:26:08.738Z,2026-10-10T21:01:17.731901+08:00,https://www.jlc-smt.com/lcsc/search?q=C6628419,1,5,普通扩展库收费；例外待决定；国内缺货,Q7国内商城与SMT库存均0。先前SI2303 C545575、BSS308PE-HXY C5337195及DMP31D0U C5224069的低栅压导通、Qg/驱动或热能力未通过；供应链缺口独立存在，自焊也不会自动解决缺货。保持R49调试支路。,https://item.szlcsc.com/7583380.html,https://www.panjit.com.cn/upload/datasheet/PJA3433.pdf,"C545575,C5337195,C5224069,C6357487",,20,20,5只起:1.9521元/只; 50只起:1.6065元/只; 150只起:1.4584元/只; 500只起:1.2735元/只; 3000只起:1.1912元/只; 6000只起:1.1418元/只,5,9.7605,,按只公开阶梯理论额；MOQ、损耗、备品交付方式未取得，不是订单付款,,,5,9.7605,,5,9.7605,,10,19.521,,必须；调试电阻也正常装配，非DNP,中：三脚/SOIC，核对极性脚序,暂缓采购闭环；先解决原件国内来源。缺货期间机器贴/自焊都不可执行，不批准现有替代,,待用户逐项决定,无；候选有证据缺口，不通过选择“调整”自动批准,否：Q7商城/SMT均0库存,按公开单价、MOQ和倍数计算，不含运费；Q7无库存金额仅历史价格参考,"Q7:Q7_GATE,RESEC,SW_VCOM"
9,E09,"Q1,Q4",2,DMN3065LW-7,C150506,DMN3065LW-7,C150506,SOT-323,未返回,扩展库,1115,7392,2026-10-10T13:20:53.640Z,2026-10-10T21:01:17.013563+08:00,https://www.jlc-smt.com/lcsc/search?q=C150506,5,5,普通扩展库收费；例外待决定,Q1/Q4保持DMN3065；直接SMT页面查到7392只，普通扩展库20元/组/单，商城接口未返回不能当作SMT缺货。包装后缀-13 C3290106/C5245314均SMT0，无需为了采购改后缀；其他NMOS缺实际栅压、Qg和损耗证据。,https://item.szlcsc.com/161844.html,https://www.diodes.com/part/view/DMN3065LW,"C3290106,C5245314",1只起:1.725元/只; 50只起:1.375元/只; 150只起:1.225元/只; 500只起:1.0372元/只; 3000只起:0.954元/只; 6000只起:0.904元/只,20,20,5只起:1.725元/只; 50只起:1.3747元/只; 150只起:1.2245元/只; 500只起:1.0372元/只; 3000只起:0.9538元/只; 6000只起:0.9037元/只,5,8.625,3.45,按只公开阶梯理论额；MOQ、损耗、备品交付方式未取得，不是订单付款,,,5,8.625,6.9,10,17.25,17.25,15,25.875,20.7,必须；调试电阻也正常装配，非DNP,较高：SOT-323小管，需放大观察,保留原料机器贴（经济型普通扩展库20元/组/单）,,待用户逐项决定,无；候选有证据缺口，不通过选择“调整”自动批准,查询时库存满足1/5板＋备品；订单时须重核,按公开单价、MOQ和倍数计算，不含运费；Q7无库存金额仅历史价格参考,"Q1:GDRP,RESEP,LX；Q4:DRVP,SOURCE_VGP,BASE_P"
10,E10,Q8,1,DMP3068L-7,C151010,DMP3068L-7,C151010,SOT-23,SMT扩展库,扩展库,22640,23089,2026-10-10T13:21:47.995Z,2026-10-10T21:01:17.835040+08:00,https://www.jlc-smt.com/lcsc/search?q=C151010,1,5,普通扩展库收费；例外待决定,PMOS同额定电压不足以通过：需低栅压RDS(on)、VGS、Qg/驱动电流和热能力对照；未取得合格免费替代。,https://item.szlcsc.com/162350.html,https://www.diodes.com/datasheet/download/DMP3068L.pdf,"C41354966,C5342419,C48581021,C313499,C55591809",1只起:1.373元/只; 50只起:1.119元/只; 150只起:1.0098元/只; 500只起:0.874元/只; 3000只起:0.77元/只; 6000只起:0.733元/只,20,20,5只起:1.3727元/只; 50只起:1.1187元/只; 150只起:1.0098元/只; 500只起:0.874元/只; 3000只起:0.7696元/只; 6000只起:0.7333元/只,5,6.8635,1.373,按只公开阶梯理论额；MOQ、损耗、备品交付方式未取得，不是订单付款,,,5,6.8635,4.119,5,6.8635,6.865,10,13.727,9.611,必须；调试电阻也正常装配，非DNP,中：三脚/SOIC，核对极性脚序,优先保留原料自焊，以免该组换料费；自焊工具/时间成本未报价,,待用户逐项决定,无；候选有证据缺口，不通过选择“调整”自动批准,查询时库存满足1/5板＋备品；订单时须重核,按公开单价、MOQ和倍数计算，不含运费；Q7无库存金额仅历史价格参考,"Q8:GDRN,RESEN,SW_N"
11,E11,"D1,D2",2,MBR230S1F-7,C151335,MBR230S1F-7,C151335,SOD-123F,SMT扩展库,扩展库,41295,41298,2026-10-10T13:21:49.587Z,2026-10-10T21:01:20.286262+08:00,https://www.jlc-smt.com/lcsc/search?q=C151335,1,5,普通扩展库收费；例外待决定,MBR230S1F-7功率肖特基需Vf、振铃反压、浪涌、结电容、热及SOD-123F尺寸对照；C509950等未通过，不因基础/优选标签降低规格。,https://item.szlcsc.com/162675.html,https://atta.szlcsc.com/upload/public/pdf/source/20171221/C151335_15138312677151195518.pdf,C509950,1只起:1.14元/只; 50只起:0.926元/只; 150只起:0.834元/只; 500只起:0.72元/只; 3000只起:0.669元/只; 6000只起:0.638元/只,20,20,5只起:1.1404元/只; 50只起:0.9261元/只; 150只起:0.8342元/只; 500只起:0.7196元/只; 3000只起:0.6686元/只; 6000只起:0.638元/只,5,5.702,2.28,按只公开阶梯理论额；MOQ、损耗、备品交付方式未取得，不是订单付款,,,5,5.702,4.56,10,11.404,11.4,15,17.106,13.68,必须；调试电阻也正常装配，非DNP,中：三脚/SOIC，核对极性脚序,优先保留原料自焊，以免该组换料费；自焊工具/时间成本未报价,,待用户逐项决定,无；候选有证据缺口，不通过选择“调整”自动批准,查询时库存满足1/5板＋备品；订单时须重核,按公开单价、MOQ和倍数计算，不含运费；Q7无库存金额仅历史价格参考,"D1:VDDP,LX；D2:SW_N,VDDN"
12,E12,C26,1,0805B473K500NT,C1745,0805B473K500NT,C1745,0805,SMT扩展库,扩展库,54550,59065,2026-10-10T13:19:00.158Z,2026-10-10T21:01:21.014551+08:00,https://www.jlc-smt.com/lcsc/search?q=C1745,1,50,普通扩展库收费；例外待决定,47nF/50V/X7R泵基准旁路；100V候选C3037662仍为普通扩展标签，免费及动态对照未证明。,https://item.szlcsc.com/2097.html,https://datasheet.lcsc.com/datasheet/pdf/09fe2daf22580a99fa7fea93ccb20fb7.pdf?productCode=C1745,C3037662,1只起:0.11元/只; 500只起:0.0888元/只; 1500只起:0.0772元/只; 4000只起:0.0638元/只; 24000只起:0.0578元/只; 48000只起:0.0545元/只,20,20,50只起:0.1098元/只; 500只起:0.0888元/只; 1500只起:0.0772元/只; 4000只起:0.0638元/只; 24000只起:0.0578元/只; 48000只起:0.0545元/只,50,5.49,0.11,按只公开阶梯理论额；MOQ、损耗、备品交付方式未取得，不是订单付款,,,50,5.49,0.33,50,5.49,0.55,50,5.49,0.77,必须；调试电阻也正常装配，非DNP,低：0805/1210两端器件,优先保留原料自焊，以免该组换料费；自焊工具/时间成本未报价,,待用户逐项决定,无；候选有证据缺口，不通过选择“调整”自动批准,查询时库存满足1/5板＋备品；订单时须重核,按公开单价、MOQ和倍数计算，不含运费；Q7无库存金额仅历史价格参考,"C26:PUMP_N_LOW,GND"
13,E13,"C17,C23,C24,C9,C10,C11",6,GRM21BR71H474KA88L,C86043,GRM21BR71H474KA88L,C86043,0805,SMT扩展库,扩展库,8690,8699,2026-10-10T13:20:19.468Z,2026-10-10T21:01:19.422581+08:00,https://www.jlc-smt.com/lcsc/search?q=C86043,1,10,普通扩展库收费；例外待决定,C13967为三星470nF/50V/X7R/0805基础库；本组含飞跨电容，需工作偏压容量、ESR、纹波/峰值对照，未验证不替换。,https://item.szlcsc.com/87219.html,https://atta.szlcsc.com/upload/public/pdf/source/20200305/C490387_23319AE8C154DEB24C505E6C82A8106A.pdf,C13967,1只起:0.435元/只; 100只起:0.358元/只; 300只起:0.319元/只; 3000只起:0.291元/只; 6000只起:0.268元/只; 9000只起:0.256元/只,20,20,10只起:0.4347元/只; 100只起:0.3578元/只; 300只起:0.3194元/只; 3000只起:0.2906元/只; 6000只起:0.2676元/只,10,4.347,2.61,按只公开阶梯理论额；MOQ、损耗、备品交付方式未取得，不是订单付款,,,10,4.347,3.48,30,13.041,13.05,40,17.388,13.92,必须；调试电阻也正常装配，非DNP,低：0805/1210两端器件,优先保留原料自焊，以免该组换料费；自焊工具/时间成本未报价,,待用户逐项决定,无；候选有证据缺口，不通过选择“调整”自动批准,查询时库存满足1/5板＋备品；订单时须重核,按公开单价、MOQ和倍数计算，不含运费；Q7无库存金额仅历史价格参考,"C17:PUMP_P_MID,PUMP_P_AC；C23:PUMP_N_UP,PUMP_N_AC；C24:PUMP_N_DOWN,PUMP_N_AC；C9:FPL_VCOM,GND；C10:VCOMBD_M,GND；C11:VCOMBD_S,GND"
14,E14,C36,1,0805CG102J500NT,C29925,0805CG102J500NT,C29925,0805,SMT扩展库,扩展库,146450,154204,2026-10-10T13:18:13.912Z,2026-10-10T21:01:24.498195+08:00,https://www.jlc-smt.com/lcsc/search?q=C29925,1,50,普通扩展库收费；例外待决定,CT必须1nF、C0G、±5%、50V；已查0603CG102J500NT C1636，同介质/容差/耐压，但SMT仍普通扩展库收费，缩0603不免换料费，收益不足，保留0805。风华原厂通用规格已存档。,https://item.szlcsc.com/30679.html,https://datasheet.lcsc.com/datasheet/pdf/09fe2daf22580a99fa7fea93ccb20fb7.pdf?productCode=C29925,C1636,1只起:0.0838元/只; 500只起:0.0679元/只; 1500只起:0.0591元/只; 4000只起:0.0482元/只; 24000只起:0.0437元/只; 48000只起:0.0412元/只,20,20,50只起:0.0838元/只; 500只起:0.0679元/只; 1500只起:0.0591元/只; 4000只起:0.0482元/只; 24000只起:0.0437元/只; 48000只起:0.0412元/只,50,4.19,0.0838,按只公开阶梯理论额；MOQ、损耗、备品交付方式未取得，不是订单付款,,,50,4.19,0.2514,50,4.19,0.419,50,4.19,0.5866,必须；调试电阻也正常装配，非DNP,低：0805/1210两端器件,优先保留原料自焊，以免该组换料费；自焊工具/时间成本未报价,,待用户逐项决定,无；候选有证据缺口，不通过选择“调整”自动批准,查询时库存满足1/5板＋备品；订单时须重核,按公开单价、MOQ和倍数计算，不含运费；Q7无库存金额仅历史价格参考,"C36:BENCH_3V3,SW_CT"
15,E15,Q6,1,MMBT3904-7-F,C94514,MMBT3904-7-F,C94514,SOT-23,SMT扩展库,扩展库,263320,265330,2026-10-10T13:26:05.693Z,2026-10-10T21:01:20.423347+08:00,https://www.jlc-smt.com/lcsc/search?q=C94514,1,10,普通扩展库收费；例外待决定,C8512 MMBT2222A为基础库，但非3904直接等效：驱动电流、饱和压降、存储时间/动态损耗未核算。保留3904。,https://item.szlcsc.com/95712.html,https://atta.szlcsc.com/upload/public/pdf/source/20230810/4AD110B3C3E81E2CEF5971F860B34099.pdf,C8512,1只起:0.392元/只; 100只起:0.32元/只; 300只起:0.284元/只; 3000只起:0.257元/只; 6000只起:0.236元/只; 9000只起:0.225元/只,20,20,10只起:0.3922元/只; 100只起:0.3201元/只; 300只起:0.2841元/只; 3000只起:0.2571元/只; 6000只起:0.2355元/只; 9000只起:0.2247元/只,10,3.922,0.392,按只公开阶梯理论额；MOQ、损耗、备品交付方式未取得，不是订单付款,,,10,3.922,1.176,10,3.922,1.96,10,3.922,2.744,必须；调试电阻也正常装配，非DNP,中：三脚/SOIC，核对极性脚序,优先保留原料自焊，以免该组换料费；自焊工具/时间成本未报价,,待用户逐项决定,无；候选有证据缺口，不通过选择“调整”自动批准,查询时库存满足1/5板＋备品；订单时须重核,按公开单价、MOQ和倍数计算，不含运费；Q7无库存金额仅历史价格参考,"Q6:DRVN,GND,PUMP_N_LOW"
16,E16,Q3,1,MMBT3906-7-F,C82762,MMBT3906-7-F,C82762,SOT-23,SMT扩展库,扩展库,37740,37890,2026-10-10T13:26:07.245Z,2026-10-10T21:01:19.179383+08:00,https://www.jlc-smt.com/lcsc/search?q=C82762,1,10,普通扩展库收费；例外待决定,3906候选不同厂家有功耗及动态差异，电荷泵峰值、基极驱动和存储时间尚无完整对照；保留现PNP。,https://item.szlcsc.com/83922.html,https://atta.szlcsc.com/upload/public/pdf/source/20221028/DE85DC0248B2C64D4CE838286525BEA1.pdf,"C84105,C79604,C460100,C14488,C87445",1只起:0.373元/只; 100只起:0.294元/只; 300只起:0.254元/只; 3000只起:0.225元/只; 6000只起:0.201元/只; 9000只起:0.189元/只,20,20,10只起:0.3728元/只; 100只起:0.2938元/只; 300只起:0.2544元/只; 3000只起:0.2248元/只; 6000只起:0.2011元/只; 9000只起:0.1892元/只,10,3.728,0.373,按只公开阶梯理论额；MOQ、损耗、备品交付方式未取得，不是订单付款,,,10,3.728,1.119,10,3.728,1.865,10,3.728,2.611,必须；调试电阻也正常装配，非DNP,中：三脚/SOIC，核对极性脚序,优先保留原料自焊，以免该组换料费；自焊工具/时间成本未报价,,待用户逐项决定,无；候选有证据缺口，不通过选择“调整”自动批准,查询时库存满足1/5板＋备品；订单时须重核,按公开单价、MOQ和倍数计算，不含运费；Q7无库存金额仅历史价格参考,"Q3:BASE_P,VDDP,PUMP_P_LOW"
17,E17,D4,1,B0530W-7-F,C124188,B0530W-7-F,C124188,SOD-123,SMT扩展库,扩展库,10760,10761,2026-10-10T13:21:51.132Z,2026-10-10T21:01:18.180261+08:00,https://www.jlc-smt.com/lcsc/search?q=C124188,1,5,普通扩展库收费；例外待决定,B0530W替代需Vf、漏电、反向峰值/开关损耗及封装映射；普通B5819/SS14同为肖特基不代表可替换。,https://item.szlcsc.com/125463.html,https://atta.szlcsc.com/upload/public/pdf/source/20241225/E2605F86CBDD833A242C4ED6CC4B6ED3.pdf,"C82046,C236079,C52747980,C513043,C53100355",1只起:0.736元/只; 50只起:0.576元/只; 150只起:0.495元/只; 500只起:0.435元/只; 3000只起:0.379元/只; 6000只起:0.355元/只,20,20,5只起:0.7363元/只; 50只起:0.5757元/只; 150只起:0.4954元/只; 500只起:0.4352元/只; 3000只起:0.3788元/只; 6000只起:0.3547元/只,5,3.6815,0.736,按只公开阶梯理论额；MOQ、损耗、备品交付方式未取得，不是订单付款,,,5,3.6815,2.208,5,3.6815,3.68,10,7.363,5.152,必须；调试电阻也正常装配，非DNP,中：三脚/SOIC，核对极性脚序,优先保留原料自焊，以免该组换料费；自焊工具/时间成本未报价,,待用户逐项决定,无；候选有证据缺口，不通过选择“调整”自动批准,查询时库存满足1/5板＋备品；订单时须重核,按公开单价、MOQ和倍数计算，不含运费；Q7无库存金额仅历史价格参考,"D4:SW_VCOM,VBB_3P5V"
19,E18,C18,1,GRM21BR71H224KA01L,C86042,GRM21BR71H224KA01L,C86042,0805,SMT扩展库,扩展库,8450,8454,2026-10-10T13:20:21.023Z,2026-10-10T21:01:20.856972+08:00,https://www.jlc-smt.com/lcsc/search?q=C86042,1,5,普通扩展库收费；例外待决定,220nF/50V泵基准电容；候选有效容量/峰值/ESR未闭环，保留50V和现封装。,https://item.szlcsc.com/87218.html,https://atta.szlcsc.com/upload/public/pdf/source/20200305/C490387_23319AE8C154DEB24C505E6C82A8106A.pdf,"C513710,C307542,C913663,C6119933,C7472966",1只起:0.676元/只; 50只起:0.575元/只; 150只起:0.524元/只; 500只起:0.487元/只; 3000只起:0.351元/只; 6000只起:0.336元/只,20,20,5只起:0.6756元/只; 50只起:0.5748元/只; 150只起:0.5243元/只; 500只起:0.4865元/只; 3000只起:0.3513元/只; 6000只起:0.3361元/只,5,3.378,0.676,按只公开阶梯理论额；MOQ、损耗、备品交付方式未取得，不是订单付款,,,5,3.378,2.028,5,3.378,3.38,10,6.756,4.732,必须；调试电阻也正常装配，非DNP,低：0805/1210两端器件,优先保留原料自焊，以免该组换料费；自焊工具/时间成本未报价,,待用户逐项决定,无；候选有证据缺口，不通过选择“调整”自动批准,查询时库存满足1/5板＋备品；订单时须重核,按公开单价、MOQ和倍数计算，不含运费；Q7无库存金额仅历史价格参考,"C18:PUMP_P_LOW,GND"
24,E19,"C22,C25",2,GRM21BR71H105KA12L,C77083,GRM21BR71H105KA12L,C77083,0805,SMT扩展库,扩展库,98890,109368,2026-10-10T13:20:22.687Z,2026-10-10T21:01:20.837890+08:00,https://www.jlc-smt.com/lcsc/search?q=C77083,1,10,普通扩展库收费；例外待决定,1µF/50V飞跨及中间储能；候选有效容量/峰值/纹波未闭环，不按标称替代。,https://item.szlcsc.com/78210.html,https://atta.szlcsc.com/upload/public/pdf/source/20200305/C490387_23319AE8C154DEB24C505E6C82A8106A.pdf,"C22367837,C5370002,C5445369,C6119928,C22392392",1只起:0.259元/只; 100只起:0.21元/只; 300只起:0.185元/只; 3000只起:0.164元/只; 6000只起:0.157元/只; 9000只起:0.152元/只,20,20,10只起:0.2589元/只; 100只起:0.2099元/只; 300只起:0.1847元/只; 3000只起:0.1639元/只; 6000只起:0.1567元/只; 9000只起:0.1517元/只,10,2.589,0.518,按只公开阶梯理论额；MOQ、损耗、备品交付方式未取得，不是订单付款,,,10,2.589,1.036,10,2.589,2.59,20,5.178,3.108,必须；调试电阻也正常装配，非DNP,低：0805/1210两端器件,优先保留原料自焊，以免该组换料费；自焊工具/时间成本未报价,,待用户逐项决定,无；候选有证据缺口，不通过选择“调整”自动批准,查询时库存满足1/5板＋备品；订单时须重核,按公开单价、MOQ和倍数计算，不含运费；Q7无库存金额仅历史价格参考,"C22:PUMP_N_MID,GND；C25:REG_VGN,GND"
26,E20,R18,1,HP05W3F1602T5E,C2774511,HP05W3F1602T5E,C2774511,0805,SMT扩展库,扩展库,400,400,2026-10-10T13:19:04.659Z,2026-10-10T21:01:21.028974+08:00,https://www.jlc-smt.com/lcsc/search?q=C2774511,1,100,普通扩展库收费；例外待决定,C17490为免费原0805/16k/1%/125mW候选；C4210为0603/100mW，免费身份尚未直接核实。R18跨FBN与REG_VGN，不是跨整个VGL；未知REG_VGN全工况/故障峰值，不据低功耗猜测允许333mW降到100mW。保留HP系列或人工装配。,https://item.szlcsc.com/2912966.html,https://www.uni-royal.cn/images/userfile/file/1723267015d7bab4914ae1a4d5.pdf,"C17490,C4210",1只起:0.0223元/只; 1000只起:0.0168元/只; 5000只起:0.0139元/只; 10000只起:0.0125元/只; 50000只起:0.0108元/只,20,20,100只起:0.0223元/只; 1000只起:0.0168元/只; 5000只起:0.0139元/只,100,2.23,0.0223,按只公开阶梯理论额；MOQ、损耗、备品交付方式未取得，不是订单付款,,,100,2.23,0.0669,100,2.23,0.1115,100,2.23,0.1561,必须；调试电阻也正常装配，非DNP,低：0805/1210两端器件,优先保留原料自焊，以免该组换料费；自焊工具/时间成本未报价,,待用户逐项决定,无；候选有证据缺口，不通过选择“调整”自动批准,查询时库存满足1/5板＋备品；订单时须重核,按公开单价、MOQ和倍数计算，不含运费；Q7无库存金额仅历史价格参考,"R18:FBN,REG_VGN"
28,E21,"C33,C27",2,CL21B104KBCNNNC,C1711,CL21B104KBCNNNC,C1711,0805,SMT扩展库,扩展库,203600,855525,2026-10-10T13:19:37.298Z,2026-10-10T21:01:16.569249+08:00,https://www.jlc-smt.com/lcsc/search?q=C1711,1,20,普通扩展库收费；例外待决定,C28233为三星100nF/100V/X7R/±10%/0805，国内基础库，尺寸2.00×1.25×1.25mm；C27/C33均在3.3V去耦。已核对额定/尺寸，但尚缺与旧CL21B104KBCNNNC的3.3V偏压/阻抗曲线对比，不将更高耐压自动当作充分等效证据。候选待补资料。,https://item.szlcsc.com/2063.html,https://datasheet.lcsc.com/datasheet/pdf/02336ea48ea44ca18c72517dd3cb7b47.pdf?productCode=C1711,C28233,1只起:0.0918元/只; 200只起:0.0714元/只; 600只起:0.0623元/只; 4000只起:0.0483元/只; 8000只起:0.0456元/只; 20000只起:0.0438元/只,20,20,20只起:0.0918元/只; 200只起:0.0714元/只; 600只起:0.0623元/只; 4000只起:0.0483元/只; 8000只起:0.0456元/只; 20000只起:0.0438元/只,20,1.836,0.1836,按只公开阶梯理论额；MOQ、损耗、备品交付方式未取得，不是订单付款,,,20,1.836,0.3672,20,1.836,0.918,20,1.836,1.1016,必须；调试电阻也正常装配，非DNP,低：0805/1210两端器件,优先补C28233偏压/阻抗对照；暂时保留原料自焊，不先写入正式BOM,,待用户逐项决定,无；候选有证据缺口，不通过选择“调整”自动批准,查询时库存满足1/5板＋备品；订单时须重核,按公开单价、MOQ和倍数计算，不含运费；Q7无库存金额仅历史价格参考,"C33:EPD_3V3,GND；C27:EPD_3V3,GND"
29,E22,R8,1,SCR0805F110K,C5140228,SCR0805F110K,C5140228,0805,SMT扩展库,扩展库,1200,1260,2026-10-10T13:19:03.153Z,2026-10-10T21:01:19.787397+08:00,https://www.jlc-smt.com/lcsc/search?q=C5140228,1,100,普通扩展库收费；例外待决定,C17422同阻值0805，C25805为0603/110k/1%/100mW/75V/100ppm。按分压总114.3k、VGH=50V包络，上臂约21.05mW、48.12V；仍须结合降额、温度和瞬态审查。C17422明确普通扩展库收费，C25805明确免费。125℃下100mW降额约35mW，高于21.05mW；但尚需明确全工况温度和瞬态峰值，未批准缩封装。,https://item.szlcsc.com/5753305.html,https://datasheet.lcsc.com/datasheet/pdf/04ce3139d67e70b6b0ee7061f06aa3e9.pdf?productCode=C5140228,"C17422,C25805",1只起:0.013元/只; 1000只起:0.0099元/只; 5000只起:0.0077元/只; 10000只起:0.0069元/只; 50000只起:0.006元/只,20,20,100只起:0.013元/只; 1000只起:0.0099元/只; 5000只起:0.0077元/只,100,1.3,0.013,按只公开阶梯理论额；MOQ、损耗、备品交付方式未取得，不是订单付款,,,100,1.3,0.039,100,1.3,0.065,100,1.3,0.091,必须；调试电阻也正常装配，非DNP,低：0805/1210两端器件,保留原0805自焊；免费0603 C25805待温度/瞬态边界和PCB布局审查后调整,,待用户逐项决定,无；候选有证据缺口，不通过选择“调整”自动批准,查询时库存满足1/5板＋备品；订单时须重核,按公开单价、MOQ和倍数计算，不含运费；Q7无库存金额仅历史价格参考,"R8:FBP,VGH"
31,E23,"D3,D5,D6",3,BAT54SLT1G,C19726,BAT54SLT1G,C19726,SOT-23,SMT扩展库,扩展库,163060,163060,2026-10-10T13:21:52.762Z,2026-10-10T21:01:19.659664+08:00,https://www.jlc-smt.com/lcsc/search?q=C19726,1,1,普通扩展库收费；例外待决定,串联双管BAT54S必须1=A、2=K、3=中点；检索候选内部连接、Vf/漏电/结电容/恢复/热证据不足，不用BAT54C/A直接替换。,https://item.szlcsc.com/20435.html,https://www.onsemi.com/download/data-sheet/pdf/bat54slt1-d.pdf,"C181201,C2926174,C83935,C145531,C194858",1只起:0.155元/只; 10只起:0.115元/只; 30只起:0.0973元/只; 100只起:0.084元/只; 500只起:0.0786元/只; 1000只起:0.0751元/只,20,20,1只起:0.1551元/只; 10只起:0.1151元/只; 30只起:0.0973元/只; 100只起:0.084元/只; 500只起:0.0786元/只; 1000只起:0.0751元/只,3,0.4653,0.465,按只公开阶梯理论额；MOQ、损耗、备品交付方式未取得，不是订单付款,,,5,0.7755,0.775,15,1.7265,1.725,17,1.9567,1.955,必须；调试电阻也正常装配，非DNP,中：三脚/SOIC，核对极性脚序,优先保留原料自焊，以免该组换料费；自焊工具/时间成本未报价,,待用户逐项决定,无；候选有证据缺口，不通过选择“调整”自动批准,查询时库存满足1/5板＋备品；订单时须重核,按公开单价、MOQ和倍数计算，不含运费；Q7无库存金额仅历史价格参考,"D3:PUMP_P_LOW,VGH,PUMP_P_MID；D5:VGL,PUMP_N_MID,PUMP_N_UP；D6:PUMP_N_MID,PUMP_N_LOW,PUMP_N_DOWN"
35,E24,"L1,L2,L3",3,PCR1040-150-M,C53896892,PCR1040-150-M,C53896892,"SMD,11.5x10.5mm",SMT扩展库,扩展库,410,414,2026-10-10T13:20:52.089Z,2026-10-10T21:01:16.185474+08:00,https://www.jlc-smt.com/lcsc/search?q=C53896892,1,5,普通扩展库收费；例外待决定,15µH PCR1040已复核尺寸、饱和/RMS电流、DCR等；替代接口未返回候选，未找到合格免费料。不能用小封装普通15µH直接换。,https://item.szlcsc.com/57092574.html,https://datasheet.lcsc.com/datasheet/pdf/e6a3215768ac43dd7ce4fb124bc75d91.pdf?productCode=C53896892,,1只起:1.247元/只; 50只起:0.968元/只; 150只起:0.849元/只; 500只起:0.7元/只; 2500只起:0.633元/只; 5000只起:0.593元/只,20,20,,5,,3.741,按只公开阶梯理论额；MOQ、损耗、备品交付方式未取得，不是订单付款,,,5,,6.235,15,,18.705,20,,21.199,必须；调试电阻也正常装配，非DNP,中：大电感端子吸热，需预热,优先保留原料自焊，以免该组换料费；自焊工具/时间成本未报价,,待用户逐项决定,无；候选有证据缺口，不通过选择“调整”自动批准,查询时库存满足1/5板＋备品；订单时须重核,按公开单价、MOQ和倍数计算，不含运费；Q7无库存金额仅历史价格参考,"L1:EPD_3V3,LX；L2:SW_N,GND；L3:SW_VCOM,GND"
37,E25,FPC1,1,FPC-05FB-60PH20,C2856839,FPC-05FB-60PH20,C2856839,"SMD,P=0.5mm,卧贴",SMT扩展库,扩展库,7645,7645,2026-10-10T13:26:24.433Z,2026-10-10T21:01:22.346979+08:00,https://www.jlc-smt.com/lcsc/search?q=C2856839,1,1,普通扩展库收费；例外待决定,60P/0.5mm可插拔FPC，下接触及插入方向不变；未找到脚序、底座尺寸、接触方向相符且证明免费的候选。建议保留机器贴，细间距手焊返工风险高。,https://item.szlcsc.com/3056937.html,https://atta.szlcsc.com/upload/public/pdf/source/20210922/C2856839_B700DB1A2B95976B214AB1FEFC031E2B.pdf,,1只起:2.451元/只; 10只起:1.957元/只; 30只起:1.739元/只; 100只起:1.473元/只; 500只起:1.359元/只; 1500只起:1.169元/只,20,20,,1,,2.451,按只公开阶梯理论额；MOQ、损耗、备品交付方式未取得，不是订单付款,,,3,,7.353,5,,12.255,7,,17.157,必须；调试电阻也正常装配，非DNP,高：0.5mm/60针底座，桥连/塑料热损伤,保留原料机器贴（经济型普通扩展库20元/组/单）,,待用户逐项决定,无；候选有证据缺口，不通过选择“调整”自动批准,查询时库存满足1/5板＋备品；订单时须重核,按公开单价、MOQ和倍数计算，不含运费；Q7无库存金额仅历史价格参考,"FPC1:VCOMBD_M,RESEC,GDRC,RESEN,GDRN,RESEP,GDRP,GND,EPD_3V3,EPD_3V3,VCC,VDDP,VDDP,VDDN,VDDN,VCC,EPD_3V3,TSCL,TSDA,EPD_3V3,EPD_3V3,RES_N,BUSY_N,GND,CS_M_N,SCLK,SI0,SI1,SI2,SI3,DRVP,FBP,GND,VCOMBD_S,DRVN,FBN,REG_VGN,VBB_3P5V,VSPH,VSPL,VSPL2,VSPH,VSPL,VSPL2,VSNH,VSNL,VSNL2,VSNL2,VSNL,VSNH,FPL_VCOM,TFT_VCOM,VBB_3P5V,CS_S_N,VGH,VGL"
