位号,原MPN,原C号,建议MPN,建议C号,原封装,拟封装,装配决定,例外编号,已实施,UUID
C13,GRM32ER71H106KA12L,C77102,GRM32ER71H106KA12L,C77102,Driver:Capacitor_SMD__C_1210_3225Metric,Driver:Capacitor_SMD__C_1210_3225Metric,待定,E01,否，当前CAD仍v0.8,1a9782cb-6164-58b8-9b46-0e7ba364f20c
C15,GRM32ER71H106KA12L,C77102,GRM32ER71H106KA12L,C77102,Driver:Capacitor_SMD__C_1210_3225Metric,Driver:Capacitor_SMD__C_1210_3225Metric,待定,E01,否，当前CAD仍v0.8,f2a33430-1a98-5472-aa43-e841c91aa949
C20,GRM32ER71H106KA12L,C77102,GRM32ER71H106KA12L,C77102,Driver:Capacitor_SMD__C_1210_3225Metric,Driver:Capacitor_SMD__C_1210_3225Metric,待定,E01,否，当前CAD仍v0.8,09b5a33c-f282-5945-8ad6-8a4c2690d4f7
C1,GRM32ER71H106KA12L,C77102,GRM32ER71H106KA12L,C77102,Driver:Capacitor_SMD__C_1210_3225Metric,Driver:Capacitor_SMD__C_1210_3225Metric,待定,E01,否，当前CAD仍v0.8,7c47a940-db15-5224-a93e-9eea0e6ad374
C103,GRM32ER71H106KA12L,C77102,GRM32ER71H106KA12L,C77102,Driver:Capacitor_SMD__C_1210_3225Metric,Driver:Capacitor_SMD__C_1210_3225Metric,待定,E01,否，当前CAD仍v0.8,9a7e0e7f-65f7-55f6-993f-18af06f818ce
C104,GRM32ER71H106KA12L,C77102,GRM32ER71H106KA12L,C77102,Driver:Capacitor_SMD__C_1210_3225Metric,Driver:Capacitor_SMD__C_1210_3225Metric,待定,E01,否，当前CAD仍v0.8,51f9b468-5750-5f87-b0c1-97e79a74587e
C2,GRM32ER71H106KA12L,C77102,GRM32ER71H106KA12L,C77102,Driver:Capacitor_SMD__C_1210_3225Metric,Driver:Capacitor_SMD__C_1210_3225Metric,待定,E01,否，当前CAD仍v0.8,b0716500-be0e-57c1-a013-e38145552966
C106,GRM32ER71H106KA12L,C77102,GRM32ER71H106KA12L,C77102,Driver:Capacitor_SMD__C_1210_3225Metric,Driver:Capacitor_SMD__C_1210_3225Metric,待定,E01,否，当前CAD仍v0.8,175819c5-3359-51a4-8596-8d2e69e57025
C107,GRM32ER71H106KA12L,C77102,GRM32ER71H106KA12L,C77102,Driver:Capacitor_SMD__C_1210_3225Metric,Driver:Capacitor_SMD__C_1210_3225Metric,待定,E01,否，当前CAD仍v0.8,604029b3-0e14-5dbf-82df-34252fd16b83
C3,GRM32ER71H106KA12L,C77102,GRM32ER71H106KA12L,C77102,Driver:Capacitor_SMD__C_1210_3225Metric,Driver:Capacitor_SMD__C_1210_3225Metric,待定,E01,否，当前CAD仍v0.8,8a6fb4c3-6a82-5238-b4c5-cdb42aa411dd
C109,GRM32ER71H106KA12L,C77102,GRM32ER71H106KA12L,C77102,Driver:Capacitor_SMD__C_1210_3225Metric,Driver:Capacitor_SMD__C_1210_3225Metric,待定,E01,否，当前CAD仍v0.8,b37f2285-9f0c-5436-97bf-942aba0815de
C110,GRM32ER71H106KA12L,C77102,GRM32ER71H106KA12L,C77102,Driver:Capacitor_SMD__C_1210_3225Metric,Driver:Capacitor_SMD__C_1210_3225Metric,待定,E01,否，当前CAD仍v0.8,541c2c77-d759-5cc2-8853-5f59e717a17f
C4,GRM32ER71H106KA12L,C77102,GRM32ER71H106KA12L,C77102,Driver:Capacitor_SMD__C_1210_3225Metric,Driver:Capacitor_SMD__C_1210_3225Metric,待定,E01,否，当前CAD仍v0.8,f18e56c2-edc3-5a5b-ae94-3804a4507e1f
C112,GRM32ER71H106KA12L,C77102,GRM32ER71H106KA12L,C77102,Driver:Capacitor_SMD__C_1210_3225Metric,Driver:Capacitor_SMD__C_1210_3225Metric,待定,E01,否，当前CAD仍v0.8,dcb8df27-decf-5dcc-82e5-d5ec4e2a9067
C113,GRM32ER71H106KA12L,C77102,GRM32ER71H106KA12L,C77102,Driver:Capacitor_SMD__C_1210_3225Metric,Driver:Capacitor_SMD__C_1210_3225Metric,待定,E01,否，当前CAD仍v0.8,1fadf000-af65-53f8-88ad-47a74b99a638
C5,GRM32ER71H106KA12L,C77102,GRM32ER71H106KA12L,C77102,Driver:Capacitor_SMD__C_1210_3225Metric,Driver:Capacitor_SMD__C_1210_3225Metric,待定,E01,否，当前CAD仍v0.8,3d9c6218-b3f1-5c1c-84b1-c08a120e1e4f
C115,GRM32ER71H106KA12L,C77102,GRM32ER71H106KA12L,C77102,Driver:Capacitor_SMD__C_1210_3225Metric,Driver:Capacitor_SMD__C_1210_3225Metric,待定,E01,否，当前CAD仍v0.8,7efeacad-21b8-5830-9e85-41c88935036c
C116,GRM32ER71H106KA12L,C77102,GRM32ER71H106KA12L,C77102,Driver:Capacitor_SMD__C_1210_3225Metric,Driver:Capacitor_SMD__C_1210_3225Metric,待定,E01,否，当前CAD仍v0.8,2fac4cc1-49bb-5ff7-b9bb-0c197753e801
C6,GRM32ER71H106KA12L,C77102,GRM32ER71H106KA12L,C77102,Driver:Capacitor_SMD__C_1210_3225Metric,Driver:Capacitor_SMD__C_1210_3225Metric,待定,E01,否，当前CAD仍v0.8,8992f71f-d261-5c10-af76-78afcd18a9b6
C118,GRM32ER71H106KA12L,C77102,GRM32ER71H106KA12L,C77102,Driver:Capacitor_SMD__C_1210_3225Metric,Driver:Capacitor_SMD__C_1210_3225Metric,待定,E01,否，当前CAD仍v0.8,7a3d586c-bccc-5f75-abed-c533bc42fda7
C119,GRM32ER71H106KA12L,C77102,GRM32ER71H106KA12L,C77102,Driver:Capacitor_SMD__C_1210_3225Metric,Driver:Capacitor_SMD__C_1210_3225Metric,待定,E01,否，当前CAD仍v0.8,5f71b582-97da-58f5-937e-4c4690e4df5f
C7,GRM32ER71H106KA12L,C77102,GRM32ER71H106KA12L,C77102,Driver:Capacitor_SMD__C_1210_3225Metric,Driver:Capacitor_SMD__C_1210_3225Metric,待定,E01,否，当前CAD仍v0.8,fd86e631-e6e3-5786-9b43-b06f5bb1867c
U4,TCN75AVOA713,C144313,TCN75AVOA713,C144313,Driver:Package_SO__SOIC-8_3.9x4.9mm_P1.27mm,Driver:Package_SO__SOIC-8_3.9x4.9mm_P1.27mm,待定,E02,否，当前CAD仍v0.8,4669384d-7768-53a0-adc8-8890011d88f5
C105,GRM32DR71H335KA88L,C397310,GRM32DR71H335KA88L,C397310,Driver:Capacitor_SMD__C_1210_3225Metric,Driver:Capacitor_SMD__C_1210_3225Metric,待定,E03,否，当前CAD仍v0.8,bfeebab9-467d-5f43-8822-8f857843c0d2
C108,GRM32DR71H335KA88L,C397310,GRM32DR71H335KA88L,C397310,Driver:Capacitor_SMD__C_1210_3225Metric,Driver:Capacitor_SMD__C_1210_3225Metric,待定,E03,否，当前CAD仍v0.8,f0419365-7771-5939-8a42-f36853513dfc
C111,GRM32DR71H335KA88L,C397310,GRM32DR71H335KA88L,C397310,Driver:Capacitor_SMD__C_1210_3225Metric,Driver:Capacitor_SMD__C_1210_3225Metric,待定,E03,否，当前CAD仍v0.8,9f8fd227-3da7-5a07-b77b-2fd893569fac
C114,GRM32DR71H335KA88L,C397310,GRM32DR71H335KA88L,C397310,Driver:Capacitor_SMD__C_1210_3225Metric,Driver:Capacitor_SMD__C_1210_3225Metric,待定,E03,否，当前CAD仍v0.8,d2cb0944-3c12-5839-9d9e-b9b33fc5729f
C117,GRM32DR71H335KA88L,C397310,GRM32DR71H335KA88L,C397310,Driver:Capacitor_SMD__C_1210_3225Metric,Driver:Capacitor_SMD__C_1210_3225Metric,待定,E03,否，当前CAD仍v0.8,9725c1de-4add-5dce-83d5-2accb4317982
C120,GRM32DR71H335KA88L,C397310,GRM32DR71H335KA88L,C397310,Driver:Capacitor_SMD__C_1210_3225Metric,Driver:Capacitor_SMD__C_1210_3225Metric,待定,E03,否，当前CAD仍v0.8,080b793d-1c6b-5f70-b8ea-02cfa7b1dad7
C31,GRM32ER60J107ME20L,C88154,GRM32ER60J107ME20L,C88154,Driver:Capacitor_SMD__C_1210_3225Metric,Driver:Capacitor_SMD__C_1210_3225Metric,待定,E04,否，当前CAD仍v0.8,8be9d8e4-221f-554c-a826-ef5049f59a15
C32,GRM32ER60J107ME20L,C88154,GRM32ER60J107ME20L,C88154,Driver:Capacitor_SMD__C_1210_3225Metric,Driver:Capacitor_SMD__C_1210_3225Metric,待定,E04,否，当前CAD仍v0.8,f2d8f959-1fd1-5fca-b504-63e1dfd049b9
C28,GRM32ER71H475KA88L,C86052,GRM32ER71H475KA88L,C86052,Driver:Capacitor_SMD__C_1210_3225Metric,Driver:Capacitor_SMD__C_1210_3225Metric,待定,E05,否，当前CAD仍v0.8,5bd97427-2cd0-520c-975e-c2941cd20b1a
C29,GRM32ER71H475KA88L,C86052,GRM32ER71H475KA88L,C86052,Driver:Capacitor_SMD__C_1210_3225Metric,Driver:Capacitor_SMD__C_1210_3225Metric,待定,E05,否，当前CAD仍v0.8,f557c48f-57d9-5d4c-a136-18aae272a6a8
C30,GRM32ER71H475KA88L,C86052,GRM32ER71H475KA88L,C86052,Driver:Capacitor_SMD__C_1210_3225Metric,Driver:Capacitor_SMD__C_1210_3225Metric,待定,E05,否，当前CAD仍v0.8,0d9216c9-5257-528c-816c-5857aae3c0cd
C12,GRM32ER71H475KA88L,C86052,GRM32ER71H475KA88L,C86052,Driver:Capacitor_SMD__C_1210_3225Metric,Driver:Capacitor_SMD__C_1210_3225Metric,待定,E05,否，当前CAD仍v0.8,009be3eb-717d-5568-a74c-8caac6368db7
C14,GRM32ER71H475KA88L,C86052,GRM32ER71H475KA88L,C86052,Driver:Capacitor_SMD__C_1210_3225Metric,Driver:Capacitor_SMD__C_1210_3225Metric,待定,E05,否，当前CAD仍v0.8,cb01cad4-46db-5266-a0bb-f7767a9c61bc
C19,GRM32ER71H475KA88L,C86052,GRM32ER71H475KA88L,C86052,Driver:Capacitor_SMD__C_1210_3225Metric,Driver:Capacitor_SMD__C_1210_3225Metric,待定,E05,否，当前CAD仍v0.8,ce9fa164-ab53-5bd4-bbf1-ce4782f9f7e0
C16,GRM32ER71H475KA88L,C86052,GRM32ER71H475KA88L,C86052,Driver:Capacitor_SMD__C_1210_3225Metric,Driver:Capacitor_SMD__C_1210_3225Metric,待定,E05,否，当前CAD仍v0.8,022cedcf-e7a2-5e85-8d5b-f3551e92cafd
C21,GRM32ER71H475KA88L,C86052,GRM32ER71H475KA88L,C86052,Driver:Capacitor_SMD__C_1210_3225Metric,Driver:Capacitor_SMD__C_1210_3225Metric,待定,E05,否，当前CAD仍v0.8,c30117e3-3a57-5944-b8bd-b56204891830
C8,GRM32ER71H475KA88L,C86052,GRM32ER71H475KA88L,C86052,Driver:Capacitor_SMD__C_1210_3225Metric,Driver:Capacitor_SMD__C_1210_3225Metric,待定,E05,否，当前CAD仍v0.8,7413fcef-807a-5c53-b23b-50f30462e34c
U1,WSL1206R2000FEA,C2073442,WSL1206R2000FEA,C2073442,Driver:Resistor_SMD__R_1206_3216Metric,Driver:Resistor_SMD__R_1206_3216Metric,待定,E06,否，当前CAD仍v0.8,0620a84e-9ac3-5228-a31f-2a5a02e77d46
U2,WSL1206R2000FEA,C2073442,WSL1206R2000FEA,C2073442,Driver:Resistor_SMD__R_1206_3216Metric,Driver:Resistor_SMD__R_1206_3216Metric,待定,E06,否，当前CAD仍v0.8,9724dc3d-2e9e-52ee-8da8-7b059addc02d
U3,WSL1206R2000FEA,C2073442,WSL1206R2000FEA,C2073442,Driver:Resistor_SMD__R_1206_3216Metric,Driver:Resistor_SMD__R_1206_3216Metric,待定,E06,否，当前CAD仍v0.8,d1fa0770-647e-5805-8275-5f475498fbd8
U5,TPS22917DBVR,C2681320,TPS22917DBVR,C2681320,Driver:Package_TO_SOT_SMD__SOT-23-6,Driver:Package_TO_SOT_SMD__SOT-23-6,待定,E07,否，当前CAD仍v0.8,66f48b51-86e5-5a8b-9a88-c700e990110b
Q7,PJA3433_R1_00001,C6628419,PJA3433_R1_00001,C6628419,Driver:Package_TO_SOT_SMD__SOT-23,Driver:Package_TO_SOT_SMD__SOT-23,待定,E08,否，当前CAD仍v0.8,3da4ac43-a56a-5763-8140-46c148848227
Q1,DMN3065LW-7,C150506,DMN3065LW-7,C150506,Driver:SOT323_HandSolder,Driver:SOT323_HandSolder,待定,E09,否，当前CAD仍v0.8,0b00ebd9-f3fd-56e0-a4c2-4171de849932
Q4,DMN3065LW-7,C150506,DMN3065LW-7,C150506,Driver:SOT323_HandSolder,Driver:SOT323_HandSolder,待定,E09,否，当前CAD仍v0.8,986e66ac-d133-5f58-abcd-a6568bc015e4
Q8,DMP3068L-7,C151010,DMP3068L-7,C151010,Driver:Package_TO_SOT_SMD__SOT-23,Driver:Package_TO_SOT_SMD__SOT-23,待定,E10,否，当前CAD仍v0.8,86756e56-9531-5723-a5cf-c550ebcad951
D1,MBR230S1F-7,C151335,MBR230S1F-7,C151335,Driver:Diode_SMD__D_SOD-123F,Driver:Diode_SMD__D_SOD-123F,待定,E11,否，当前CAD仍v0.8,e901443e-d0d1-52f8-b543-0866ec5c1f4b
D2,MBR230S1F-7,C151335,MBR230S1F-7,C151335,Driver:Diode_SMD__D_SOD-123F,Driver:Diode_SMD__D_SOD-123F,待定,E11,否，当前CAD仍v0.8,1d510d3a-c297-5b72-94d7-e1687a8d9f9c
C26,0805B473K500NT,C1745,0805B473K500NT,C1745,Driver:C_0805_HandSolder,Driver:C_0805_HandSolder,待定,E12,否，当前CAD仍v0.8,72f9c5b2-42de-5011-8ab3-f175d1966773
C17,GRM21BR71H474KA88L,C86043,GRM21BR71H474KA88L,C86043,Driver:Capacitor_SMD__C_0805_2012Metric,Driver:Capacitor_SMD__C_0805_2012Metric,待定,E13,否，当前CAD仍v0.8,da0cfb27-709c-50f3-9407-739a3fb2436f
C23,GRM21BR71H474KA88L,C86043,GRM21BR71H474KA88L,C86043,Driver:Capacitor_SMD__C_0805_2012Metric,Driver:Capacitor_SMD__C_0805_2012Metric,待定,E13,否，当前CAD仍v0.8,ea463842-5eee-5805-a3f4-d69525249974
C24,GRM21BR71H474KA88L,C86043,GRM21BR71H474KA88L,C86043,Driver:Capacitor_SMD__C_0805_2012Metric,Driver:Capacitor_SMD__C_0805_2012Metric,待定,E13,否，当前CAD仍v0.8,f3608122-3fcd-5886-b3df-465d9232a483
C9,GRM21BR71H474KA88L,C86043,GRM21BR71H474KA88L,C86043,Driver:Capacitor_SMD__C_0805_2012Metric,Driver:Capacitor_SMD__C_0805_2012Metric,待定,E13,否，当前CAD仍v0.8,40e889b4-0104-556b-a1a5-7a6f304e6508
C10,GRM21BR71H474KA88L,C86043,GRM21BR71H474KA88L,C86043,Driver:Capacitor_SMD__C_0805_2012Metric,Driver:Capacitor_SMD__C_0805_2012Metric,待定,E13,否，当前CAD仍v0.8,f9e6e286-4320-5a61-b2b5-68517938f61e
C11,GRM21BR71H474KA88L,C86043,GRM21BR71H474KA88L,C86043,Driver:Capacitor_SMD__C_0805_2012Metric,Driver:Capacitor_SMD__C_0805_2012Metric,待定,E13,否，当前CAD仍v0.8,f8e130f0-69c4-56f7-a813-84ac4d1aeb56
C36,0805CG102J500NT,C29925,0805CG102J500NT,C29925,Driver:Capacitor_SMD__C_0805_2012Metric,Driver:Capacitor_SMD__C_0805_2012Metric,待定,E14,否，当前CAD仍v0.8,da1c958d-2286-5c6f-9743-c49344031c99
Q6,MMBT3904-7-F,C94514,MMBT3904-7-F,C94514,Driver:Package_TO_SOT_SMD__SOT-23,Driver:Package_TO_SOT_SMD__SOT-23,待定,E15,否，当前CAD仍v0.8,ab994df7-7668-5e52-8e30-c2d5f9266f34
Q3,MMBT3906-7-F,C82762,MMBT3906-7-F,C82762,Driver:Package_TO_SOT_SMD__SOT-23,Driver:Package_TO_SOT_SMD__SOT-23,待定,E16,否，当前CAD仍v0.8,19235eb6-471d-52ad-b3a7-257b41e60d36
D4,B0530W-7-F,C124188,B0530W-7-F,C124188,Driver:Diode_SMD__D_SOD-123,Driver:Diode_SMD__D_SOD-123,待定,E17,否，当前CAD仍v0.8,528f114c-6cc9-5b28-99b5-d66b752718fa
R30,0805W8F1003T5E,C149504,0805W8F1003T5E,C149504,Driver:R_0805_HandSolder,Driver:R_0805_HandSolder,基础库机器贴候选,,否，当前CAD仍v0.8,b7db1938-eaba-5c3a-abb5-11a8cc9f6641
R11,0805W8F1003T5E,C149504,0805W8F1003T5E,C149504,Driver:R_0805_HandSolder,Driver:R_0805_HandSolder,基础库机器贴候选,,否，当前CAD仍v0.8,68056d04-8b96-50cb-b21b-8f367fbf0523
R35,0805W8F1003T5E,C149504,0805W8F1003T5E,C149504,Driver:R_0805_HandSolder,Driver:R_0805_HandSolder,基础库机器贴候选,,否，当前CAD仍v0.8,faf432de-0485-51bc-ab4b-0a274d539931
R36,0805W8F1003T5E,C149504,0805W8F1003T5E,C149504,Driver:R_0805_HandSolder,Driver:R_0805_HandSolder,基础库机器贴候选,,否，当前CAD仍v0.8,8cea2c15-73e2-5169-8599-82c48b0d4b7c
R44,0805W8F1003T5E,C149504,0805W8F1003T5E,C149504,Driver:R_0805_HandSolder,Driver:R_0805_HandSolder,基础库机器贴候选,,否，当前CAD仍v0.8,242edfe7-23d4-5ed9-8229-c38123ebfaf1
R45,0805W8F1003T5E,C149504,0805W8F1003T5E,C149504,Driver:R_0805_HandSolder,Driver:R_0805_HandSolder,基础库机器贴候选,,否，当前CAD仍v0.8,2498a894-e9f2-5c07-b0b3-69e207a00513
R46,0805W8F1003T5E,C149504,0805W8F1003T5E,C149504,Driver:R_0805_HandSolder,Driver:R_0805_HandSolder,基础库机器贴候选,,否，当前CAD仍v0.8,80001428-51ad-5ef5-8afb-cc3373b88278
R47,0805W8F1003T5E,C149504,0805W8F1003T5E,C149504,Driver:R_0805_HandSolder,Driver:R_0805_HandSolder,基础库机器贴候选,,否，当前CAD仍v0.8,c332d163-18ad-58eb-8549-19580526d324
R48,0805W8F1003T5E,C149504,0805W8F1003T5E,C149504,Driver:R_0805_HandSolder,Driver:R_0805_HandSolder,基础库机器贴候选,,否，当前CAD仍v0.8,4c10d0f4-ce03-54cd-a4f3-19124a18bd09
C18,GRM21BR71H224KA01L,C86042,GRM21BR71H224KA01L,C86042,Driver:Capacitor_SMD__C_0805_2012Metric,Driver:Capacitor_SMD__C_0805_2012Metric,待定,E18,否，当前CAD仍v0.8,30b67500-2214-584c-9fcf-d6cbbd05bb7a
R20,0805W8F4701T5E,C17673,0805W8F4701T5E,C17673,Driver:R_0805_HandSolder,Driver:R_0805_HandSolder,基础库机器贴候选,,否，当前CAD仍v0.8,eca7bcf7-266e-58d4-9f17-d7209908faee
R21,0805W8F4701T5E,C17673,0805W8F4701T5E,C17673,Driver:R_0805_HandSolder,Driver:R_0805_HandSolder,基础库机器贴候选,,否，当前CAD仍v0.8,aa7461c7-51ee-575d-8eb0-963f01992764
R39,0805W8F330JT5E,C17634,0805W8F330JT5E,C17634,Driver:R_0805_HandSolder,Driver:R_0805_HandSolder,基础库机器贴候选,,否，当前CAD仍v0.8,434ef3e2-39e7-5068-b739-a39d9de19932
R40,0805W8F330JT5E,C17634,0805W8F330JT5E,C17634,Driver:R_0805_HandSolder,Driver:R_0805_HandSolder,基础库机器贴候选,,否，当前CAD仍v0.8,a3a7bbeb-f84a-5d1c-9f3c-0454f4650fbd
R41,0805W8F330JT5E,C17634,0805W8F330JT5E,C17634,Driver:R_0805_HandSolder,Driver:R_0805_HandSolder,基础库机器贴候选,,否，当前CAD仍v0.8,ae617ab7-ceaa-5aed-8b70-360583dda50e
R42,0805W8F330JT5E,C17634,0805W8F330JT5E,C17634,Driver:R_0805_HandSolder,Driver:R_0805_HandSolder,基础库机器贴候选,,否，当前CAD仍v0.8,63be70d1-f560-5e86-bacc-d8e27c24e8df
R43,0805W8F330JT5E,C17634,0805W8F330JT5E,C17634,Driver:R_0805_HandSolder,Driver:R_0805_HandSolder,基础库机器贴候选,,否，当前CAD仍v0.8,16e534aa-82a2-5a75-8994-31ada11195f4
R49,0805W8F0000T5E,C17477,0805W8F0000T5E,C17477,Driver:Resistor_SMD__R_0805_2012Metric,Driver:Resistor_SMD__R_0805_2012Metric,基础库机器贴候选,,否，当前CAD仍v0.8,2d63a01d-eae5-4563-ab6c-700abc3ead2b
R2,0805W8F1004T5E,C17514,0805W8F1004T5E,C17514,Driver:R_0805_HandSolder,Driver:R_0805_HandSolder,基础库机器贴候选,,否，当前CAD仍v0.8,2d4e6b6d-b01b-55cc-89e7-c9c3d56b944d
R3,0805W8F1004T5E,C17514,0805W8F1004T5E,C17514,Driver:R_0805_HandSolder,Driver:R_0805_HandSolder,基础库机器贴候选,,否，当前CAD仍v0.8,fc787361-4df4-5330-a1cc-f355b647c08c
R13,0805W8F1004T5E,C17514,0805W8F1004T5E,C17514,Driver:R_0805_HandSolder,Driver:R_0805_HandSolder,基础库机器贴候选,,否，当前CAD仍v0.8,478ce8ba-6cee-5b70-9648-57278e969cbf
C22,GRM21BR71H105KA12L,C77083,GRM21BR71H105KA12L,C77083,Driver:Capacitor_SMD__C_0805_2012Metric,Driver:Capacitor_SMD__C_0805_2012Metric,待定,E19,否，当前CAD仍v0.8,42e9ad10-a18f-5735-b79d-83b2d82ff6c4
C25,GRM21BR71H105KA12L,C77083,GRM21BR71H105KA12L,C77083,Driver:Capacitor_SMD__C_0805_2012Metric,Driver:Capacitor_SMD__C_0805_2012Metric,待定,E19,否，当前CAD仍v0.8,f2812e87-417a-5b59-9ff4-319dc8c38f2a
R1,0805W8F2001T5E,C17604,0805W8F2001T5E,C17604,Driver:R_0805_HandSolder,Driver:R_0805_HandSolder,基础库机器贴候选,,否，当前CAD仍v0.8,61a5c413-2fa8-544e-9424-a8d34d7cee70
R18,HP05W3F1602T5E,C2774511,HP05W3F1602T5E,C2774511,Driver:R_0805_HandSolder,Driver:R_0805_HandSolder,待定,E20,否，当前CAD仍v0.8,2802c2cd-9d4f-5487-a8b2-da6dfe515974
R12,0805W8F1501T5E,C4310,0805W8F1501T5E,C4310,Driver:R_0805_HandSolder,Driver:R_0805_HandSolder,基础库机器贴候选,,否，当前CAD仍v0.8,150be5a2-0693-5156-b0b3-2ee82434dd97
C33,CL21B104KBCNNNC,C1711,CL21B104KBCNNNC,C1711,Driver:C_0805_HandSolder,Driver:C_0805_HandSolder,待定,E21,否，当前CAD仍v0.8,f0d55f8e-116e-5267-8f34-b1d3657a9063
C27,CL21B104KBCNNNC,C1711,CL21B104KBCNNNC,C1711,Driver:C_0805_HandSolder,Driver:C_0805_HandSolder,待定,E21,否，当前CAD仍v0.8,7b922b81-fb26-5d68-ac71-4f40b269d4cd
R8,SCR0805F110K,C5140228,SCR0805F110K,C5140228,Driver:R_0805_HandSolder,Driver:R_0805_HandSolder,待定,E22,否，当前CAD仍v0.8,76017b1c-c9a9-59da-9828-cd422a4e58dd
R7,CR0805F4K30P05Z,C881377,0805W8F4301T5E,C17667,Driver:R_0805_HandSolder,Driver:R_0805_HandSolder,基础库机器贴候选,,否，当前CAD仍v0.8,25f69a1c-b2e9-5e40-8b40-1735ec6d0860
D3,BAT54SLT1G,C19726,BAT54SLT1G,C19726,Driver:Package_TO_SOT_SMD__SOT-23,Driver:Package_TO_SOT_SMD__SOT-23,待定,E23,否，当前CAD仍v0.8,0a6ea35b-d247-5b8c-9c0a-55f4105c90c6
D5,BAT54SLT1G,C19726,BAT54SLT1G,C19726,Driver:Package_TO_SOT_SMD__SOT-23,Driver:Package_TO_SOT_SMD__SOT-23,待定,E23,否，当前CAD仍v0.8,7e74736a-3aa4-53fc-9186-066eed8a87e9
D6,BAT54SLT1G,C19726,BAT54SLT1G,C19726,Driver:Package_TO_SOT_SMD__SOT-23,Driver:Package_TO_SOT_SMD__SOT-23,待定,E23,否，当前CAD仍v0.8,84af8084-7fab-5819-bd3a-2d1c575b92d8
R17,TC0550F2003T5G,C2989258,0805W8F2003T5E,C17539,Driver:R_0805_HandSolder,Driver:R_0805_HandSolder,基础库机器贴候选,,否，当前CAD仍v0.8,abc9f3a1-0416-5bf8-8b48-fbd23524b338
R50,TC0550F2003T5G,C2989258,0805W8F2003T5E,C17539,Driver:R_0805_HandSolder,Driver:R_0805_HandSolder,基础库机器贴候选,,否，当前CAD仍v0.8,f20457d6-8c8e-43b6-bd11-af99237b4887
R10,0805W8D220KT5E,C407467,0805W8F220KT5E,C17521,Driver:R_0805_HandSolder,Driver:R_0805_HandSolder,基础库机器贴候选,,否，当前CAD仍v0.8,3aa9ce7a-d21f-553d-8f19-bf2419483e8d
R19,0805W8D220KT5E,C407467,0805W8F220KT5E,C17521,Driver:R_0805_HandSolder,Driver:R_0805_HandSolder,基础库机器贴候选,,否，当前CAD仍v0.8,7def7659-9517-5761-af4f-7bc4cfa0d686
J1,TJC8-2.54-2A,C42410552,TJC8-2.54-2A,C42410552,Driver:Connector_PinHeader_2.54mm__PinHeader_1x02_P2.54mm_Vertical,Driver:Connector_PinHeader_2.54mm__PinHeader_1x02_P2.54mm_Vertical,人工插件,,否，当前CAD仍v0.8,6566036d-f3ac-591a-8511-e8ed12a2081a
L1,PCR1040-150-M,C53896892,PCR1040-150-M,C53896892,Driver:L_JIERR_PCR1040,Driver:L_JIERR_PCR1040,待定,E24,否，当前CAD仍v0.8,396b72d0-7245-5539-a929-f6c4d24282b7
L2,PCR1040-150-M,C53896892,PCR1040-150-M,C53896892,Driver:L_JIERR_PCR1040,Driver:L_JIERR_PCR1040,待定,E24,否，当前CAD仍v0.8,c220295b-393c-5e32-b109-4d558c1b9170
L3,PCR1040-150-M,C53896892,PCR1040-150-M,C53896892,Driver:L_JIERR_PCR1040,Driver:L_JIERR_PCR1040,待定,E24,否，当前CAD仍v0.8,9ae55387-f1f6-5a49-b346-82299063cfc8
J2,SH-PZ254V-2x8P,C55629829,SH-PZ254V-2x8P,C55629829,Driver:Connector_PinHeader_2.54mm__PinHeader_2x08_P2.54mm_Vertical,Driver:Connector_PinHeader_2.54mm__PinHeader_2x08_P2.54mm_Vertical,人工插件,,否，当前CAD仍v0.8,db18f9de-2ac6-5931-b411-1ba17b47881c
FPC1,FPC-05FB-60PH20,C2856839,FPC-05FB-60PH20,C2856839,Driver:FPC_05FB_60PH20,Driver:FPC_05FB_60PH20,待定,E25,否，当前CAD仍v0.8,421be796-a9a9-57bf-b192-48fb8b7626a2
