位号,旧MPN,旧品牌,旧C编号,旧封装,新MPN,新品牌,新C编号,新封装,旧数值,新数值,判断
J1,TJC8-2.54-2A,DLL,C42410552,Driver:Connector_PinHeader_2.54mm__PinHeader_1x02_P2.54mm_Vertical,TJC8-2.54-2A,DLL,C42410552,Driver:Connector_PinHeader_2.54mm__PinHeader_1x02_P2.54mm_Vertical,3V3 BENCH ONLY,3V3 BENCH ONLY,保留：接口位置及3A通流要求保持，未找到尺寸/镀层/额定电流齐全并值得改板的更低付款方案；单独核对现料库存。
C28,CL32B225KBJNNNE,Samsung,C307587,Driver:Capacitor_SMD__C_1210_3225Metric,GRM32ER71H475KA88L,Murata,C86052,Driver:Capacitor_SMD__C_1210_3225Metric,2.2uF/50V,4.7uF/50V,实施：BENCH_3V3 input bypass increased to existing 4.7µF/50V X7R 1210; see v0.8 input transient review
U5,TPS22917DBVR,Texas Instruments,C2681320,Driver:Package_TO_SOT_SMD__SOT-23-6,TPS22917DBVR,Texas Instruments,C2681320,Driver:Package_TO_SOT_SMD__SOT-23-6,TPS22917DBVR,TPS22917DBVR,保留：MX22917T23虽支持QOD/CT/反灌保护，Ron约240mΩ而非原约80mΩ；完整静态电流、瞬态、反灌边界及热评审未通过，不能仅按引脚相同替换。
R30,0805W8F1003T5E,UNI-ROYAL,C149504,Driver:R_0805_HandSolder,0805W8F1003T5E,UNI-ROYAL,C149504,Driver:R_0805_HandSolder,100k ohm,100k ohm,保留：与原采购量相同比较未找到合格且更低实际付款的候选。
C29,GRM32ER71H475KA88L,Murata,C86052,Driver:Capacitor_SMD__C_1210_3225Metric,GRM32ER71H475KA88L,Murata,C86052,Driver:Capacitor_SMD__C_1210_3225Metric,4.7uF/50V,4.7uF/50V,保留原型号，新增C28并入此组；低价PSA/CCTC未提供本板工作偏压有效容量/ESR对比。
C30,GRM32ER71H475KA88L,Murata,C86052,Driver:Capacitor_SMD__C_1210_3225Metric,GRM32ER71H475KA88L,Murata,C86052,Driver:Capacitor_SMD__C_1210_3225Metric,4.7uF/50V,4.7uF/50V,保留原型号，新增C28并入此组；低价PSA/CCTC未提供本板工作偏压有效容量/ESR对比。
C31,GRM32ER60J107ME20L,Murata,C88154,Driver:Capacitor_SMD__C_1210_3225Metric,GRM32ER60J107ME20L,Murata,C88154,Driver:Capacitor_SMD__C_1210_3225Metric,100uF/6.3V,100uF/6.3V,保留：三星CL32A107MQVNNNE C49066有现货；同为100µF/6.3V/X5R/1210不代表3.3V容量相同；偏压容量对比未闭环。
C32,GRM32ER60J107ME20L,Murata,C88154,Driver:Capacitor_SMD__C_1210_3225Metric,GRM32ER60J107ME20L,Murata,C88154,Driver:Capacitor_SMD__C_1210_3225Metric,100uF/6.3V,100uF/6.3V,保留：三星CL32A107MQVNNNE C49066有现货；同为100µF/6.3V/X5R/1210不代表3.3V容量相同；偏压容量对比未闭环。
C33,CL21B104KBCNNNC,Samsung,C1711,Driver:C_0805_HandSolder,CL21B104KBCNNNC,Samsung,C1711,Driver:C_0805_HandSolder,100nF/50V,100nF/50V,保留：三环100V 0.1µF虽便宜，型号容量温度/尺寸与偏压证据未完成；收益有限，不用未经审核料。
L1,PCR1040-150-M,JIERR,C53896892,Driver:L_JIERR_PCR1040,PCR1040-150-M,JIERR,C53896892,Driver:L_JIERR_PCR1040,15uH,15uH,保留：现PCR1040已是国内现货降本型，饱和/RMS/DCR/绝缘和焊盘曾复核；未找到证据充分且净付款更低的新料。替代接口未返回结果，单独核对现料库存。
L2,PCR1040-150-M,JIERR,C53896892,Driver:L_JIERR_PCR1040,PCR1040-150-M,JIERR,C53896892,Driver:L_JIERR_PCR1040,15uH,15uH,保留：现PCR1040已是国内现货降本型，饱和/RMS/DCR/绝缘和焊盘曾复核；未找到证据充分且净付款更低的新料。替代接口未返回结果，单独核对现料库存。
L3,PCR1040-150-M,JIERR,C53896892,Driver:L_JIERR_PCR1040,PCR1040-150-M,JIERR,C53896892,Driver:L_JIERR_PCR1040,15uH,15uH,保留：现PCR1040已是国内现货降本型，饱和/RMS/DCR/绝缘和焊盘曾复核；未找到证据充分且净付款更低的新料。替代接口未返回结果，单独核对现料库存。
Q1,DMN3065LW-7,Diodes,C150506,Driver:SOT323_HandSolder,DMN3065LW-7,Diodes,C150506,Driver:SOT323_HandSolder,DMN3065LW-7,DMN3065LW-7,保留：未找到同封装且实际栅压下RDS(on)、Qg/开关损耗均可证明不劣的低价候选。
Q8,DMP3068L-7,Diodes,C151010,Driver:Package_TO_SOT_SMD__SOT-23,DMP3068L-7,Diodes,C151010,Driver:Package_TO_SOT_SMD__SOT-23,DMP3068L-7,DMP3068L-7,保留：SLDMP3098L价格低，但最低实际栅压下导通能力、阈值、Qg和驱动损耗未闭环。
Q7,PJA3433_R1_00001,Panjit,C6628419,Driver:Package_TO_SOT_SMD__SOT-23,PJA3433_R1_00001,Panjit,C6628419,Driver:Package_TO_SOT_SMD__SOT-23,PJA3433_R1_00001,PJA3433_R1_00001,国内供货未闭环：PJA3433国内库存0。PPMT30V4/SI3401A的VGS限制与Qg/驱动能力不充分；保留PJA3433及R49，不改P4拓扑；原报价2.65元为海外代购历史价。
U1,WSL1206R2000FEA,Vishay,C2073442,Driver:Resistor_SMD__R_1206_3216Metric,WSL1206R2000FEA,Vishay,C2073442,Driver:Resistor_SMD__R_1206_3216Metric,0.2 ohm,0.2 ohm,保留：RESI MFCR1206FR200QHR、华德STE1206M1W0R200F有现货，额定功率高；缺与WSL的脉冲能量曲线和实际采样峰值对应，不能仅靠1W替代。
U2,WSL1206R2000FEA,Vishay,C2073442,Driver:Resistor_SMD__R_1206_3216Metric,WSL1206R2000FEA,Vishay,C2073442,Driver:Resistor_SMD__R_1206_3216Metric,0.2 ohm,0.2 ohm,保留：RESI MFCR1206FR200QHR、华德STE1206M1W0R200F有现货，额定功率高；缺与WSL的脉冲能量曲线和实际采样峰值对应，不能仅靠1W替代。
U3,WSL1206R2000FEA,Vishay,C2073442,Driver:Resistor_SMD__R_1206_3216Metric,WSL1206R2000FEA,Vishay,C2073442,Driver:Resistor_SMD__R_1206_3216Metric,0.2 ohm,0.2 ohm,保留：RESI MFCR1206FR200QHR、华德STE1206M1W0R200F有现货，额定功率高；缺与WSL的脉冲能量曲线和实际采样峰值对应，不能仅靠1W替代。
R2,0805W8F1004T5E,UNI-ROYAL,C17514,Driver:R_0805_HandSolder,0805W8F1004T5E,UNI-ROYAL,C17514,Driver:R_0805_HandSolder,1M ohm,1M ohm,保留：同采购量未找到合格且更便宜的现货候选。
R3,0805W8F1004T5E,UNI-ROYAL,C17514,Driver:R_0805_HandSolder,0805W8F1004T5E,UNI-ROYAL,C17514,Driver:R_0805_HandSolder,1M ohm,1M ohm,保留：同采购量未找到合格且更便宜的现货候选。
R13,0805W8F1004T5E,UNI-ROYAL,C17514,Driver:R_0805_HandSolder,0805W8F1004T5E,UNI-ROYAL,C17514,Driver:R_0805_HandSolder,1M ohm,1M ohm,保留：同采购量未找到合格且更便宜的现货候选。
D1,MBR230S1F-7,Diodes,C151335,Driver:Diode_SMD__D_SOD-123F,MBR230S1F-7,Diodes,C151335,Driver:Diode_SMD__D_SOD-123F,MBR230S1F-7,MBR230S1F-7,保留：ROHM RBR2MM30ATFTR虽30V/2A同类且便宜，Vf额定值不同，未证明原高峰值功率回路的温升/浪涌/结电容和尺寸均兼容；不实施。
D2,MBR230S1F-7,Diodes,C151335,Driver:Diode_SMD__D_SOD-123F,MBR230S1F-7,Diodes,C151335,Driver:Diode_SMD__D_SOD-123F,MBR230S1F-7,MBR230S1F-7,保留：ROHM RBR2MM30ATFTR虽30V/2A同类且便宜，Vf额定值不同，未证明原高峰值功率回路的温升/浪涌/结电容和尺寸均兼容；不实施。
D4,B0530W-7-F,Diodes,C124188,Driver:Diode_SMD__D_SOD-123,B0530W-7-F,Diodes,C124188,Driver:Diode_SMD__D_SOD-123,B0530W-7-F,B0530W-7-F,保留：便宜R+O/PANJIT的Vf、漏电和脉冲曲线不同；电荷泵损耗与反向峰值证据不足。
C12,GRM32ER71H475KA88L,Murata,C86052,Driver:Capacitor_SMD__C_1210_3225Metric,GRM32ER71H475KA88L,Murata,C86052,Driver:Capacitor_SMD__C_1210_3225Metric,4.7uF/50V,4.7uF/50V,保留原型号，新增C28并入此组；低价PSA/CCTC未提供本板工作偏压有效容量/ESR对比。
C13,GRM32ER71H106KA12L,Murata,C77102,Driver:Capacitor_SMD__C_1210_3225Metric,GRM32ER71H106KA12L,Murata,C77102,Driver:Capacitor_SMD__C_1210_3225Metric,10uF/50V,10uF/50V,保留：三环/信昌/风华/TDK等有现货低价，但未完成与原件在六组源极实际偏压、ESR及纹波条件的有效容量逐点对比；不把标称10µF相同当作容量闭环。
C14,GRM32ER71H475KA88L,Murata,C86052,Driver:Capacitor_SMD__C_1210_3225Metric,GRM32ER71H475KA88L,Murata,C86052,Driver:Capacitor_SMD__C_1210_3225Metric,4.7uF/50V,4.7uF/50V,保留原型号，新增C28并入此组；低价PSA/CCTC未提供本板工作偏压有效容量/ESR对比。
C15,GRM32ER71H106KA12L,Murata,C77102,Driver:Capacitor_SMD__C_1210_3225Metric,GRM32ER71H106KA12L,Murata,C77102,Driver:Capacitor_SMD__C_1210_3225Metric,10uF/50V,10uF/50V,保留：三环/信昌/风华/TDK等有现货低价，但未完成与原件在六组源极实际偏压、ESR及纹波条件的有效容量逐点对比；不把标称10µF相同当作容量闭环。
C19,GRM32ER71H475KA88L,Murata,C86052,Driver:Capacitor_SMD__C_1210_3225Metric,GRM32ER71H475KA88L,Murata,C86052,Driver:Capacitor_SMD__C_1210_3225Metric,4.7uF/50V,4.7uF/50V,保留原型号，新增C28并入此组；低价PSA/CCTC未提供本板工作偏压有效容量/ESR对比。
C20,GRM32ER71H106KA12L,Murata,C77102,Driver:Capacitor_SMD__C_1210_3225Metric,GRM32ER71H106KA12L,Murata,C77102,Driver:Capacitor_SMD__C_1210_3225Metric,10uF/50V,10uF/50V,保留：三环/信昌/风华/TDK等有现货低价，但未完成与原件在六组源极实际偏压、ESR及纹波条件的有效容量逐点对比；不把标称10µF相同当作容量闭环。
Q3,MMBT3906-7-F,Diodes,C82762,Driver:Package_TO_SOT_SMD__SOT-23,MMBT3906-7-F,Diodes,C82762,Driver:Package_TO_SOT_SMD__SOT-23,MMBT3906-7-F,MMBT3906-7-F,保留：便宜CCX/Nexperia功耗与原件不同；缺本电荷泵工作损耗及存储时间核算，不能只按3906型号替换。
Q4,DMN3065LW-7,Diodes,C150506,Driver:SOT323_HandSolder,DMN3065LW-7,Diodes,C150506,Driver:SOT323_HandSolder,DMN3065LW-7,DMN3065LW-7,保留：未找到同封装且实际栅压下RDS(on)、Qg/开关损耗均可证明不劣的低价候选。
R11,0805W8F1003T5E,UNI-ROYAL,C149504,Driver:R_0805_HandSolder,0805W8F1003T5E,UNI-ROYAL,C149504,Driver:R_0805_HandSolder,100k ohm,100k ohm,保留：与原采购量相同比较未找到合格且更低实际付款的候选。
R12,0805W8F1501T5E,UNI-ROYAL,C4310,Driver:R_0805_HandSolder,0805W8F1501T5E,UNI-ROYAL,C4310,Driver:R_0805_HandSolder,1.5k ohm,1.5k ohm,保留：同采购量未找到合格且更便宜的现货候选。
D3,BAT54S-7-F,Diodes,C83574,Driver:Package_TO_SOT_SMD__SOT-23,BAT54SLT1G,onsemi,C19726,Driver:Package_TO_SOT_SMD__SOT-23,BAT54S-7-F,BAT54SLT1G,"实施：30V/200mA series dual, pin1=A/pin2=K/pin3=mid; Vf max 0.24/0.32/0.4/0.5/0.8V at same currents, CT<=10pF, trr<=5ns,225mW; same SOT-23"
C16,GRM32ER71H475KA88L,Murata,C86052,Driver:Capacitor_SMD__C_1210_3225Metric,GRM32ER71H475KA88L,Murata,C86052,Driver:Capacitor_SMD__C_1210_3225Metric,4.7uF/50V,4.7uF/50V,保留原型号，新增C28并入此组；低价PSA/CCTC未提供本板工作偏压有效容量/ESR对比。
C17,GRM21BR71H474KA88L,Murata,C86043,Driver:Capacitor_SMD__C_0805_2012Metric,GRM21BR71H474KA88L,Murata,C86043,Driver:Capacitor_SMD__C_0805_2012Metric,470nF/50V,470nF/50V,保留：0.47µF用于飞跨节点；IHHEC虽同50V且便宜，缺偏压容量、ESR与纹波比对。
C18,GRM21BR71H224KA01L,Murata,C86042,Driver:Capacitor_SMD__C_0805_2012Metric,GRM21BR71H224KA01L,Murata,C86042,Driver:Capacitor_SMD__C_0805_2012Metric,220nF/50V,220nF/50V,保留：0.22µF飞跨/高压节点，廉价100V IHHEC不能仅靠更高耐压推定等效有效容量和ESR。
R7,RC0805FR-074K3L,YAGEO,C137518,Driver:R_0805_HandSolder,CR0805F4K30P05Z,EVER OHMS,C881377,Driver:R_0805_HandSolder,4.3k ohm,4.3k ohm,"实施：4.3kΩ ±1%,125mW,150V,±100ppm/°C; same 0805 hand-solder pads"
R8,RC0805FR-07110KL,YAGEO,C137599,Driver:R_0805_HandSolder,SCR0805F110K,VO,C5140228,Driver:R_0805_HandSolder,110k ohm,110k ohm,"实施：110kΩ ±1%,125mW,150V,±100ppm/°C; same 0805 hand-solder pads"
R10,0805W8F220KT5E,UNI-ROYAL,C17521,Driver:R_0805_HandSolder,0805W8D220KT5E,UNI-ROYAL,C407467,Driver:R_0805_HandSolder,2.2 ohm,2.2 ohm,"实施：2.2Ω ±0.5%,125mW,150V; same manufacturer series, tolerance improved"
Q6,MMBT3904-7-F,Diodes,C94514,Driver:Package_TO_SOT_SMD__SOT-23,MMBT3904-7-F,Diodes,C94514,Driver:Package_TO_SOT_SMD__SOT-23,MMBT3904-7-F,MMBT3904-7-F,保留：便宜CCX的200mW低于原件额定功耗；未完成电荷泵开关峰值、存储时间/温升评审。
D5,BAT54S-7-F,Diodes,C83574,Driver:Package_TO_SOT_SMD__SOT-23,BAT54SLT1G,onsemi,C19726,Driver:Package_TO_SOT_SMD__SOT-23,BAT54S-7-F,BAT54SLT1G,"实施：30V/200mA series dual, pin1=A/pin2=K/pin3=mid; Vf max 0.24/0.32/0.4/0.5/0.8V at same currents, CT<=10pF, trr<=5ns,225mW; same SOT-23"
D6,BAT54S-7-F,Diodes,C83574,Driver:Package_TO_SOT_SMD__SOT-23,BAT54SLT1G,onsemi,C19726,Driver:Package_TO_SOT_SMD__SOT-23,BAT54S-7-F,BAT54SLT1G,"实施：30V/200mA series dual, pin1=A/pin2=K/pin3=mid; Vf max 0.24/0.32/0.4/0.5/0.8V at same currents, CT<=10pF, trr<=5ns,225mW; same SOT-23"
C21,GRM32ER71H475KA88L,Murata,C86052,Driver:Capacitor_SMD__C_1210_3225Metric,GRM32ER71H475KA88L,Murata,C86052,Driver:Capacitor_SMD__C_1210_3225Metric,4.7uF/50V,4.7uF/50V,保留原型号，新增C28并入此组；低价PSA/CCTC未提供本板工作偏压有效容量/ESR对比。
C22,GRM21BR71H105KA12L,Murata,C77083,Driver:Capacitor_SMD__C_0805_2012Metric,GRM21BR71H105KA12L,Murata,C77083,Driver:Capacitor_SMD__C_0805_2012Metric,1uF/50V,1uF/50V,保留：Samsung CL21B105KBFNNNF有现货且便宜，但高压飞跨有效容量、ESR与纹波能力未闭环。
C23,GRM21BR71H474KA88L,Murata,C86043,Driver:Capacitor_SMD__C_0805_2012Metric,GRM21BR71H474KA88L,Murata,C86043,Driver:Capacitor_SMD__C_0805_2012Metric,470nF/50V,470nF/50V,保留：0.47µF用于飞跨节点；IHHEC虽同50V且便宜，缺偏压容量、ESR与纹波比对。
C24,GRM21BR71H474KA88L,Murata,C86043,Driver:Capacitor_SMD__C_0805_2012Metric,GRM21BR71H474KA88L,Murata,C86043,Driver:Capacitor_SMD__C_0805_2012Metric,470nF/50V,470nF/50V,保留：0.47µF用于飞跨节点；IHHEC虽同50V且便宜，缺偏压容量、ESR与纹波比对。
C25,GRM21BR71H105KA12L,Murata,C77083,Driver:Capacitor_SMD__C_0805_2012Metric,GRM21BR71H105KA12L,Murata,C77083,Driver:Capacitor_SMD__C_0805_2012Metric,1uF/50V,1uF/50V,保留：Samsung CL21B105KBFNNNF有现货且便宜，但高压飞跨有效容量、ESR与纹波能力未闭环。
C26,0805B473K500NT,FH,C1745,Driver:C_0805_HandSolder,0805B473K500NT,FH,C1745,Driver:C_0805_HandSolder,47nF/50V,47nF/50V,保留：按国内现货和原包装数量比较，没有合格且更低实际付款候选。
R17,0805W8F2003T5E,UNI-ROYAL,C17539,Driver:R_0805_HandSolder,TC0550F2003T5G,UNI-ROYAL,C2989258,Driver:R_0805_HandSolder,200k ohm,200k ohm,"实施：200kΩ ±1%,125mW,150V,±50ppm/°C; feedback total remains 400kΩ"
R18,0805W8F1602T5E,UNI-ROYAL,C17490,Driver:R_0805_HandSolder,HP05W3F1602T5E,UNI-ROYAL,C2774511,Driver:R_0805_HandSolder,16k ohm,16k ohm,"实施：16kΩ ±1%,333mW,150V,±100ppm/°C; same 0805, more rated power"
R19,0805W8F220KT5E,UNI-ROYAL,C17521,Driver:R_0805_HandSolder,0805W8D220KT5E,UNI-ROYAL,C407467,Driver:R_0805_HandSolder,2.2 ohm,2.2 ohm,"实施：2.2Ω ±0.5%,125mW,150V; same manufacturer series, tolerance improved"
U4,TCN75AVOA713,Microchip,C144313,Driver:Package_SO__SOIC-8_3.9x4.9mm_P1.27mm,TCN75AVOA713,Microchip,C144313,Driver:Package_SO__SOIC-8_3.9x4.9mm_P1.27mm,TCN75AVOA713,TCN75AVOA713,保留：屏幕温度采集需兼容I2C地址/寄存器/精度；未取得有意义且固件兼容的等效降本证据。
R20,0805W8F4701T5E,UNI-ROYAL,C17673,Driver:R_0805_HandSolder,0805W8F4701T5E,UNI-ROYAL,C17673,Driver:R_0805_HandSolder,4.7k ohm,4.7k ohm,保留：同采购量未找到合格且更便宜的现货候选。
R21,0805W8F4701T5E,UNI-ROYAL,C17673,Driver:R_0805_HandSolder,0805W8F4701T5E,UNI-ROYAL,C17673,Driver:R_0805_HandSolder,4.7k ohm,4.7k ohm,保留：同采购量未找到合格且更便宜的现货候选。
C27,CL21B104KBCNNNC,Samsung,C1711,Driver:C_0805_HandSolder,CL21B104KBCNNNC,Samsung,C1711,Driver:C_0805_HandSolder,100nF/50V,100nF/50V,保留：三环100V 0.1µF虽便宜，型号容量温度/尺寸与偏压证据未完成；收益有限，不用未经审核料。
R1,0805W8F2001T5E,UNI-ROYAL,C17604,Driver:R_0805_HandSolder,0805W8F2001T5E,UNI-ROYAL,C17604,Driver:R_0805_HandSolder,2k ohm,2k ohm,保留：同采购量未找到合格且更便宜的现货候选。
R35,0805W8F1003T5E,UNI-ROYAL,C149504,Driver:R_0805_HandSolder,0805W8F1003T5E,UNI-ROYAL,C149504,Driver:R_0805_HandSolder,100k ohm,100k ohm,保留：与原采购量相同比较未找到合格且更低实际付款的候选。
R36,0805W8F1003T5E,UNI-ROYAL,C149504,Driver:R_0805_HandSolder,0805W8F1003T5E,UNI-ROYAL,C149504,Driver:R_0805_HandSolder,100k ohm,100k ohm,保留：与原采购量相同比较未找到合格且更低实际付款的候选。
C1,GRM32ER71H106KA12L,Murata,C77102,Driver:Capacitor_SMD__C_1210_3225Metric,GRM32ER71H106KA12L,Murata,C77102,Driver:Capacitor_SMD__C_1210_3225Metric,10uF/50V,10uF/50V,保留：三环/信昌/风华/TDK等有现货低价，但未完成与原件在六组源极实际偏压、ESR及纹波条件的有效容量逐点对比；不把标称10µF相同当作容量闭环。
C103,GRM32ER71H106KA12L,Murata,C77102,Driver:Capacitor_SMD__C_1210_3225Metric,GRM32ER71H106KA12L,Murata,C77102,Driver:Capacitor_SMD__C_1210_3225Metric,10uF/50V,10uF/50V,保留：三环/信昌/风华/TDK等有现货低价，但未完成与原件在六组源极实际偏压、ESR及纹波条件的有效容量逐点对比；不把标称10µF相同当作容量闭环。
C104,GRM32ER71H106KA12L,Murata,C77102,Driver:Capacitor_SMD__C_1210_3225Metric,GRM32ER71H106KA12L,Murata,C77102,Driver:Capacitor_SMD__C_1210_3225Metric,10uF/50V,10uF/50V,保留：三环/信昌/风华/TDK等有现货低价，但未完成与原件在六组源极实际偏压、ESR及纹波条件的有效容量逐点对比；不把标称10µF相同当作容量闭环。
C105,GRM32DR71H335KA88L,Murata,C397310,Driver:Capacitor_SMD__C_1210_3225Metric,GRM32DR71H335KA88L,Murata,C397310,Driver:Capacitor_SMD__C_1210_3225Metric,3.3uF/50V,3.3uF/50V,保留：信昌FS32X335K500EGG、火炬CC1210X7R50V335KN可省钱；缺实际偏压有效容量/ESR证据，六组容量配置不变。
C2,GRM32ER71H106KA12L,Murata,C77102,Driver:Capacitor_SMD__C_1210_3225Metric,GRM32ER71H106KA12L,Murata,C77102,Driver:Capacitor_SMD__C_1210_3225Metric,10uF/50V,10uF/50V,保留：三环/信昌/风华/TDK等有现货低价，但未完成与原件在六组源极实际偏压、ESR及纹波条件的有效容量逐点对比；不把标称10µF相同当作容量闭环。
C106,GRM32ER71H106KA12L,Murata,C77102,Driver:Capacitor_SMD__C_1210_3225Metric,GRM32ER71H106KA12L,Murata,C77102,Driver:Capacitor_SMD__C_1210_3225Metric,10uF/50V,10uF/50V,保留：三环/信昌/风华/TDK等有现货低价，但未完成与原件在六组源极实际偏压、ESR及纹波条件的有效容量逐点对比；不把标称10µF相同当作容量闭环。
C107,GRM32ER71H106KA12L,Murata,C77102,Driver:Capacitor_SMD__C_1210_3225Metric,GRM32ER71H106KA12L,Murata,C77102,Driver:Capacitor_SMD__C_1210_3225Metric,10uF/50V,10uF/50V,保留：三环/信昌/风华/TDK等有现货低价，但未完成与原件在六组源极实际偏压、ESR及纹波条件的有效容量逐点对比；不把标称10µF相同当作容量闭环。
C108,GRM32DR71H335KA88L,Murata,C397310,Driver:Capacitor_SMD__C_1210_3225Metric,GRM32DR71H335KA88L,Murata,C397310,Driver:Capacitor_SMD__C_1210_3225Metric,3.3uF/50V,3.3uF/50V,保留：信昌FS32X335K500EGG、火炬CC1210X7R50V335KN可省钱；缺实际偏压有效容量/ESR证据，六组容量配置不变。
C3,GRM32ER71H106KA12L,Murata,C77102,Driver:Capacitor_SMD__C_1210_3225Metric,GRM32ER71H106KA12L,Murata,C77102,Driver:Capacitor_SMD__C_1210_3225Metric,10uF/50V,10uF/50V,保留：三环/信昌/风华/TDK等有现货低价，但未完成与原件在六组源极实际偏压、ESR及纹波条件的有效容量逐点对比；不把标称10µF相同当作容量闭环。
C109,GRM32ER71H106KA12L,Murata,C77102,Driver:Capacitor_SMD__C_1210_3225Metric,GRM32ER71H106KA12L,Murata,C77102,Driver:Capacitor_SMD__C_1210_3225Metric,10uF/50V,10uF/50V,保留：三环/信昌/风华/TDK等有现货低价，但未完成与原件在六组源极实际偏压、ESR及纹波条件的有效容量逐点对比；不把标称10µF相同当作容量闭环。
C110,GRM32ER71H106KA12L,Murata,C77102,Driver:Capacitor_SMD__C_1210_3225Metric,GRM32ER71H106KA12L,Murata,C77102,Driver:Capacitor_SMD__C_1210_3225Metric,10uF/50V,10uF/50V,保留：三环/信昌/风华/TDK等有现货低价，但未完成与原件在六组源极实际偏压、ESR及纹波条件的有效容量逐点对比；不把标称10µF相同当作容量闭环。
C111,GRM32DR71H335KA88L,Murata,C397310,Driver:Capacitor_SMD__C_1210_3225Metric,GRM32DR71H335KA88L,Murata,C397310,Driver:Capacitor_SMD__C_1210_3225Metric,3.3uF/50V,3.3uF/50V,保留：信昌FS32X335K500EGG、火炬CC1210X7R50V335KN可省钱；缺实际偏压有效容量/ESR证据，六组容量配置不变。
C4,GRM32ER71H106KA12L,Murata,C77102,Driver:Capacitor_SMD__C_1210_3225Metric,GRM32ER71H106KA12L,Murata,C77102,Driver:Capacitor_SMD__C_1210_3225Metric,10uF/50V,10uF/50V,保留：三环/信昌/风华/TDK等有现货低价，但未完成与原件在六组源极实际偏压、ESR及纹波条件的有效容量逐点对比；不把标称10µF相同当作容量闭环。
C112,GRM32ER71H106KA12L,Murata,C77102,Driver:Capacitor_SMD__C_1210_3225Metric,GRM32ER71H106KA12L,Murata,C77102,Driver:Capacitor_SMD__C_1210_3225Metric,10uF/50V,10uF/50V,保留：三环/信昌/风华/TDK等有现货低价，但未完成与原件在六组源极实际偏压、ESR及纹波条件的有效容量逐点对比；不把标称10µF相同当作容量闭环。
C113,GRM32ER71H106KA12L,Murata,C77102,Driver:Capacitor_SMD__C_1210_3225Metric,GRM32ER71H106KA12L,Murata,C77102,Driver:Capacitor_SMD__C_1210_3225Metric,10uF/50V,10uF/50V,保留：三环/信昌/风华/TDK等有现货低价，但未完成与原件在六组源极实际偏压、ESR及纹波条件的有效容量逐点对比；不把标称10µF相同当作容量闭环。
C114,GRM32DR71H335KA88L,Murata,C397310,Driver:Capacitor_SMD__C_1210_3225Metric,GRM32DR71H335KA88L,Murata,C397310,Driver:Capacitor_SMD__C_1210_3225Metric,3.3uF/50V,3.3uF/50V,保留：信昌FS32X335K500EGG、火炬CC1210X7R50V335KN可省钱；缺实际偏压有效容量/ESR证据，六组容量配置不变。
C5,GRM32ER71H106KA12L,Murata,C77102,Driver:Capacitor_SMD__C_1210_3225Metric,GRM32ER71H106KA12L,Murata,C77102,Driver:Capacitor_SMD__C_1210_3225Metric,10uF/50V,10uF/50V,保留：三环/信昌/风华/TDK等有现货低价，但未完成与原件在六组源极实际偏压、ESR及纹波条件的有效容量逐点对比；不把标称10µF相同当作容量闭环。
C115,GRM32ER71H106KA12L,Murata,C77102,Driver:Capacitor_SMD__C_1210_3225Metric,GRM32ER71H106KA12L,Murata,C77102,Driver:Capacitor_SMD__C_1210_3225Metric,10uF/50V,10uF/50V,保留：三环/信昌/风华/TDK等有现货低价，但未完成与原件在六组源极实际偏压、ESR及纹波条件的有效容量逐点对比；不把标称10µF相同当作容量闭环。
C116,GRM32ER71H106KA12L,Murata,C77102,Driver:Capacitor_SMD__C_1210_3225Metric,GRM32ER71H106KA12L,Murata,C77102,Driver:Capacitor_SMD__C_1210_3225Metric,10uF/50V,10uF/50V,保留：三环/信昌/风华/TDK等有现货低价，但未完成与原件在六组源极实际偏压、ESR及纹波条件的有效容量逐点对比；不把标称10µF相同当作容量闭环。
C117,GRM32DR71H335KA88L,Murata,C397310,Driver:Capacitor_SMD__C_1210_3225Metric,GRM32DR71H335KA88L,Murata,C397310,Driver:Capacitor_SMD__C_1210_3225Metric,3.3uF/50V,3.3uF/50V,保留：信昌FS32X335K500EGG、火炬CC1210X7R50V335KN可省钱；缺实际偏压有效容量/ESR证据，六组容量配置不变。
C6,GRM32ER71H106KA12L,Murata,C77102,Driver:Capacitor_SMD__C_1210_3225Metric,GRM32ER71H106KA12L,Murata,C77102,Driver:Capacitor_SMD__C_1210_3225Metric,10uF/50V,10uF/50V,保留：三环/信昌/风华/TDK等有现货低价，但未完成与原件在六组源极实际偏压、ESR及纹波条件的有效容量逐点对比；不把标称10µF相同当作容量闭环。
C118,GRM32ER71H106KA12L,Murata,C77102,Driver:Capacitor_SMD__C_1210_3225Metric,GRM32ER71H106KA12L,Murata,C77102,Driver:Capacitor_SMD__C_1210_3225Metric,10uF/50V,10uF/50V,保留：三环/信昌/风华/TDK等有现货低价，但未完成与原件在六组源极实际偏压、ESR及纹波条件的有效容量逐点对比；不把标称10µF相同当作容量闭环。
C119,GRM32ER71H106KA12L,Murata,C77102,Driver:Capacitor_SMD__C_1210_3225Metric,GRM32ER71H106KA12L,Murata,C77102,Driver:Capacitor_SMD__C_1210_3225Metric,10uF/50V,10uF/50V,保留：三环/信昌/风华/TDK等有现货低价，但未完成与原件在六组源极实际偏压、ESR及纹波条件的有效容量逐点对比；不把标称10µF相同当作容量闭环。
C120,GRM32DR71H335KA88L,Murata,C397310,Driver:Capacitor_SMD__C_1210_3225Metric,GRM32DR71H335KA88L,Murata,C397310,Driver:Capacitor_SMD__C_1210_3225Metric,3.3uF/50V,3.3uF/50V,保留：信昌FS32X335K500EGG、火炬CC1210X7R50V335KN可省钱；缺实际偏压有效容量/ESR证据，六组容量配置不变。
C7,GRM32ER71H106KA12L,Murata,C77102,Driver:Capacitor_SMD__C_1210_3225Metric,GRM32ER71H106KA12L,Murata,C77102,Driver:Capacitor_SMD__C_1210_3225Metric,10uF/50V,10uF/50V,保留：三环/信昌/风华/TDK等有现货低价，但未完成与原件在六组源极实际偏压、ESR及纹波条件的有效容量逐点对比；不把标称10µF相同当作容量闭环。
C8,GRM32ER71H475KA88L,Murata,C86052,Driver:Capacitor_SMD__C_1210_3225Metric,GRM32ER71H475KA88L,Murata,C86052,Driver:Capacitor_SMD__C_1210_3225Metric,4.7uF/50V,4.7uF/50V,保留原型号，新增C28并入此组；低价PSA/CCTC未提供本板工作偏压有效容量/ESR对比。
C9,GRM21BR71H474KA88L,Murata,C86043,Driver:Capacitor_SMD__C_0805_2012Metric,GRM21BR71H474KA88L,Murata,C86043,Driver:Capacitor_SMD__C_0805_2012Metric,470nF/50V,470nF/50V,保留：0.47µF用于飞跨节点；IHHEC虽同50V且便宜，缺偏压容量、ESR与纹波比对。
C10,GRM21BR71H474KA88L,Murata,C86043,Driver:Capacitor_SMD__C_0805_2012Metric,GRM21BR71H474KA88L,Murata,C86043,Driver:Capacitor_SMD__C_0805_2012Metric,470nF/50V,470nF/50V,保留：0.47µF用于飞跨节点；IHHEC虽同50V且便宜，缺偏压容量、ESR与纹波比对。
C11,GRM21BR71H474KA88L,Murata,C86043,Driver:Capacitor_SMD__C_0805_2012Metric,GRM21BR71H474KA88L,Murata,C86043,Driver:Capacitor_SMD__C_0805_2012Metric,470nF/50V,470nF/50V,保留：0.47µF用于飞跨节点；IHHEC虽同50V且便宜，缺偏压容量、ESR与纹波比对。
R39,0805W8F330JT5E,UNI-ROYAL,C17634,Driver:R_0805_HandSolder,0805W8F330JT5E,UNI-ROYAL,C17634,Driver:R_0805_HandSolder,33 ohm,33 ohm,保留：同采购量未找到合格且更便宜的现货候选。
R40,0805W8F330JT5E,UNI-ROYAL,C17634,Driver:R_0805_HandSolder,0805W8F330JT5E,UNI-ROYAL,C17634,Driver:R_0805_HandSolder,33 ohm,33 ohm,保留：同采购量未找到合格且更便宜的现货候选。
R41,0805W8F330JT5E,UNI-ROYAL,C17634,Driver:R_0805_HandSolder,0805W8F330JT5E,UNI-ROYAL,C17634,Driver:R_0805_HandSolder,33 ohm,33 ohm,保留：同采购量未找到合格且更便宜的现货候选。
R42,0805W8F330JT5E,UNI-ROYAL,C17634,Driver:R_0805_HandSolder,0805W8F330JT5E,UNI-ROYAL,C17634,Driver:R_0805_HandSolder,33 ohm,33 ohm,保留：同采购量未找到合格且更便宜的现货候选。
R43,0805W8F330JT5E,UNI-ROYAL,C17634,Driver:R_0805_HandSolder,0805W8F330JT5E,UNI-ROYAL,C17634,Driver:R_0805_HandSolder,33 ohm,33 ohm,保留：同采购量未找到合格且更便宜的现货候选。
R44,0805W8F1003T5E,UNI-ROYAL,C149504,Driver:R_0805_HandSolder,0805W8F1003T5E,UNI-ROYAL,C149504,Driver:R_0805_HandSolder,100k ohm,100k ohm,保留：与原采购量相同比较未找到合格且更低实际付款的候选。
R45,0805W8F1003T5E,UNI-ROYAL,C149504,Driver:R_0805_HandSolder,0805W8F1003T5E,UNI-ROYAL,C149504,Driver:R_0805_HandSolder,100k ohm,100k ohm,保留：与原采购量相同比较未找到合格且更低实际付款的候选。
R46,0805W8F1003T5E,UNI-ROYAL,C149504,Driver:R_0805_HandSolder,0805W8F1003T5E,UNI-ROYAL,C149504,Driver:R_0805_HandSolder,100k ohm,100k ohm,保留：与原采购量相同比较未找到合格且更低实际付款的候选。
R47,0805W8F1003T5E,UNI-ROYAL,C149504,Driver:R_0805_HandSolder,0805W8F1003T5E,UNI-ROYAL,C149504,Driver:R_0805_HandSolder,100k ohm,100k ohm,保留：与原采购量相同比较未找到合格且更低实际付款的候选。
R48,0805W8F1003T5E,UNI-ROYAL,C149504,Driver:R_0805_HandSolder,0805W8F1003T5E,UNI-ROYAL,C149504,Driver:R_0805_HandSolder,100k ohm,100k ohm,保留：与原采购量相同比较未找到合格且更低实际付款的候选。
J2,SH-PZ254V-2x8P,SHOU HAN,C55629829,Driver:Connector_PinHeader_2.54mm__PinHeader_2x08_P2.54mm_Vertical,SH-PZ254V-2x8P,SHOU HAN,C55629829,Driver:Connector_PinHeader_2.54mm__PinHeader_2x08_P2.54mm_Vertical,HOST DIRECT 3V3,HOST DIRECT 3V3,保留：2x8直插接口位置及尺寸保持；未找到足够价格收益且完整兼容者；单独核对现料库存。
FPC1,FPC-05FB-60PH20,Xunpu,C2856839,Driver:FPC_05FB_60PH20,FPC-05FB-60PH20,Xunpu,C2856839,Driver:FPC_05FB_60PH20,FPC-05FB-60PH20,FPC-05FB-60PH20,保留：60P/0.5mm/下接触/可插拔FPC；尺寸、接触方向与屏幕配接要求严格，未获得价格收益及完整兼容证据；单独核对现料库存。
C36,0805CG102J500NT,FH,C29925,Driver:Capacitor_SMD__C_0805_2012Metric,0805CG102J500NT,FH,C29925,Driver:Capacitor_SMD__C_0805_2012Metric,1nF/50V C0G,1nF/50V C0G,保留：CT时序必须C0G；未找到合格现货且更便宜者。
R49,RC0805JR-070RL,Yageo,C96345,Driver:Resistor_SMD__R_0805_2012Metric,0805W8F0000T5E,UNI-ROYAL,C17477,Driver:Resistor_SMD__R_0805_2012Metric,0 ohm,0 ohm,"实施：0Ω jumper <50mΩ,2A rated/5A overload, same debug function"
R50,0805W8F2003T5E,UNI-ROYAL,C17539,Driver:R_0805_HandSolder,TC0550F2003T5G,UNI-ROYAL,C2989258,Driver:R_0805_HandSolder,200k ohm,200k ohm,"实施：200kΩ ±1%,125mW,150V,±50ppm/°C; feedback total remains 400kΩ"
