位号,每板数量,MPN,品牌,封装,立创编号,国内库存,查询时间,MOQ只,购买倍数只,CNY阶梯,价格状态,采购链接,原厂资料,1板+0备品购买数量,1板+0备品付款CNY,1板+0备品供货,1板+2备品购买数量,1板+2备品付款CNY,1板+2备品供货,5板+0备品购买数量,5板+0备品付款CNY,5板+0备品供货,5板+2备品购买数量,5板+2备品付款CNY,5板+2备品供货
J1,1,TJC8-2.54-2A,DLL,Driver:Connector_PinHeader_2.54mm__PinHeader_1x02_P2.54mm_Vertical,C42410552,2577,2026-10-09/10 +08:00,20,20,,价格缺口：未获取MOQ人民币实时阶梯（不以网页最低大批量价冒充）,https://item.szlcsc.com/44387857.html,https://datasheet.lcsc.com/datasheet/pdf/e9f3c2915a9e3fc695b50dadc57635c3.pdf?productCode=C42410552,20,,足够,20,,足够,20,,足够,20,,足够
"C28,C29,C30,C12,C14,C19,C16,C21,C8",9,GRM32ER71H475KA88L,Murata,Driver:Capacitor_SMD__C_1210_3225Metric,C86052,38750,2026-10-09/10 +08:00,5,5,5只起:0.8859元/只; 50只起:0.7323元/只; 150只起:0.6532元/只; 1000只起:0.5881元/只; 2000只起:0.5654元/只; 5000只起:0.55元/只,现货公众阶梯快照,https://item.szlcsc.com/87228.html,https://search.murata.co.jp/Ceramy/image/img/A01X/G101/ENG/GRM32ER71H475KA88-01A.pdf,10,8.859,足够,15,13.2885,足够,45,39.8655,足够,50,36.615,足够
U5,1,TPS22917DBVR,Texas Instruments,Driver:Package_TO_SOT_SMD__SOT-23-6,C2681320,22180,2026-10-09/10 +08:00,5,5,5只起:2.4481元/只; 50只起:1.8942元/只; 150只起:1.6568元/只; 500只起:1.3606元/只; 3000只起:1.2288元/只; 6000只起:1.1496元/只,现货公众阶梯快照,https://item.szlcsc.com/2775165.html,https://www.ti.com/lit/ds/symlink/tps22917.pdf,5,12.2405,足够,5,12.2405,足够,5,12.2405,足够,10,24.481,足够
"R30,R11,R35,R36,R44,R45,R46,R47,R48",9,0805W8F1003T5E,UNI-ROYAL,Driver:R_0805_HandSolder,C149504,2236900,2026-10-09/10 +08:00,100,100,100只起:0.0361元/只; 1000只起:0.0286元/只; 5000只起:0.0248元/只; 10000只起:0.0223元/只; 50000只起:0.0213元/只; 100000只起:0.0206元/只,现货公众阶梯快照,https://item.szlcsc.com/160838.html,https://datasheet.lcsc.com/datasheet/pdf/0a975aaa49b7c97f38a963127be4a823.pdf?productCode=C149504,100,3.61,足够,100,3.61,足够,100,3.61,足够,100,3.61,足够
"C31,C32",2,GRM32ER60J107ME20L,Murata,Driver:Capacitor_SMD__C_1210_3225Metric,C88154,19280,2026-10-09/10 +08:00,5,5,5只起:2.9282元/只; 50只起:2.6312元/只; 150只起:2.4862元/只; 1000只起:2.3569元/只; 2000只起:2.3214元/只; 5000只起:2.3元/只,现货公众阶梯快照,https://item.szlcsc.com/89332.html,https://atta.szlcsc.com/upload/public/pdf/source/20170116/1484561244372.pdf,5,14.641,足够,5,14.641,足够,10,29.282,足够,15,43.923,足够
"C33,C27",2,CL21B104KBCNNNC,Samsung,Driver:C_0805_HandSolder,C1711,426700,2026-10-09/10 +08:00,20,20,20只起:0.0918元/只; 200只起:0.0714元/只; 600只起:0.0623元/只; 4000只起:0.0483元/只; 8000只起:0.0456元/只; 20000只起:0.0438元/只,现货公众阶梯快照,https://item.szlcsc.com/2063.html,https://datasheet.lcsc.com/datasheet/pdf/02336ea48ea44ca18c72517dd3cb7b47.pdf?productCode=C1711,20,1.836,足够,20,1.836,足够,20,1.836,足够,20,1.836,足够
"L1,L2,L3",3,PCR1040-150-M,JIERR,Driver:L_JIERR_PCR1040,C53896892,414,2026-10-09/10 +08:00,5,5,,价格缺口：未获取MOQ人民币实时阶梯（不以网页最低大批量价冒充）,https://item.szlcsc.com/57092574.html,https://datasheet.lcsc.com/datasheet/pdf/e6a3215768ac43dd7ce4fb124bc75d91.pdf?productCode=C53896892,5,,足够,5,,足够,15,,足够,20,,足够
"Q1,Q4",2,DMN3065LW-7,Diodes,Driver:SOT323_HandSolder,C150506,355,2026-10-09/10 +08:00,5,5,5只起:1.725元/只; 50只起:1.3747元/只; 150只起:1.2245元/只,现货公众阶梯快照,https://item.szlcsc.com/161844.html,https://www.diodes.com/part/view/DMN3065LW,5,8.625,足够,5,8.625,足够,10,17.25,足够,15,25.875,足够
Q8,1,DMP3068L-7,Diodes,Driver:Package_TO_SOT_SMD__SOT-23,C151010,22705,2026-10-09/10 +08:00,5,5,5只起:1.3727元/只; 50只起:1.1187元/只; 150只起:1.0098元/只; 500只起:0.874元/只; 3000只起:0.7696元/只; 6000只起:0.7333元/只,现货公众阶梯快照,https://item.szlcsc.com/162350.html,https://www.diodes.com/datasheet/download/DMP3068L.pdf,5,6.8635,足够,5,6.8635,足够,5,6.8635,足够,10,13.727,足够
Q7,1,PJA3433_R1_00001,Panjit,Driver:Package_TO_SOT_SMD__SOT-23,C6628419,0,2026-10-09/10 +08:00,5,5,5只起:1.9521元/只; 50只起:1.6065元/只; 150只起:1.4584元/只; 500只起:1.2735元/只; 3000只起:1.1912元/只; 6000只起:1.1418元/只,价格缺口：未获取MOQ人民币实时阶梯（不以网页最低大批量价冒充）,https://item.szlcsc.com/7583380.html,https://www.panjit.com.cn/upload/datasheet/PJA3433.pdf,5,,不足/未知,5,,不足/未知,5,,不足/未知,10,,不足/未知
"U1,U2,U3",3,WSL1206R2000FEA,Vishay,Driver:Resistor_SMD__R_1206_3216Metric,C2073442,2124,2026-10-09/10 +08:00,1,1,1只起:2.48元/只; 10只起:1.93元/只; 30只起:1.7元/只; 100只起:1.41元/只; 500只起:1.27元/只; 1000只起:1.2元/只,现货公众阶梯快照,https://item.szlcsc.com/2165027.html,https://atta.szlcsc.com/upload/public/pdf/source/20210602/CE5897E13CB99DCF20BCC39AB0A05E7D.pdf,3,7.44,足够,5,12.4,足够,15,28.95,足够,17,32.81,足够
"R2,R3,R13",3,0805W8F1004T5E,UNI-ROYAL,Driver:R_0805_HandSolder,C17514,1371800,2026-10-09/10 +08:00,100,100,100只起:0.0264元/只; 1000只起:0.021元/只; 5000只起:0.0171元/只; 10000只起:0.0153元/只; 50000只起:0.0137元/只; 100000只起:0.0129元/只,现货公众阶梯快照,https://item.szlcsc.com/18202.html,https://datasheet.lcsc.com/datasheet/pdf/0a975aaa49b7c97f38a963127be4a823.pdf?productCode=C17514,100,2.64,足够,100,2.64,足够,100,2.64,足够,100,2.64,足够
"D1,D2",2,MBR230S1F-7,Diodes,Driver:Diode_SMD__D_SOD-123F,C151335,41295,2026-10-09/10 +08:00,5,5,5只起:1.1404元/只; 50只起:0.9261元/只; 150只起:0.8342元/只; 500只起:0.7196元/只; 3000只起:0.6686元/只; 6000只起:0.638元/只,现货公众阶梯快照,https://item.szlcsc.com/162675.html,https://atta.szlcsc.com/upload/public/pdf/source/20171221/C151335_15138312677151195518.pdf,5,5.702,足够,5,5.702,足够,10,11.404,足够,15,17.106,足够
D4,1,B0530W-7-F,Diodes,Driver:Diode_SMD__D_SOD-123,C124188,10760,2026-10-09/10 +08:00,5,5,5只起:0.7363元/只; 50只起:0.5757元/只; 150只起:0.4954元/只; 500只起:0.4352元/只; 3000只起:0.3788元/只; 6000只起:0.3547元/只,现货公众阶梯快照,https://item.szlcsc.com/125463.html,https://atta.szlcsc.com/upload/public/pdf/source/20241225/E2605F86CBDD833A242C4ED6CC4B6ED3.pdf,5,3.6815,足够,5,3.6815,足够,5,3.6815,足够,10,7.363,足够
"C13,C15,C20,C1,C103,C104,C2,C106,C107,C3,C109,C110,C4,C112,C113,C5,C115,C116,C6,C118,C119,C7",22,GRM32ER71H106KA12L,Murata,Driver:Capacitor_SMD__C_1210_3225Metric,C77102,870,2026-10-09/10 +08:00,5,5,5只起:2.0223元/只; 50只起:1.6562元/只; 150只起:1.4775元/只; 1000只起:1.2961元/只; 2000只起:1.2523元/只; 5000只起:1.226元/只,现货公众阶梯快照,https://item.szlcsc.com/78229.html,https://atta.szlcsc.com/upload/public/pdf/source/20200305/C490387_23319AE8C154DEB24C505E6C82A8106A.pdf,25,50.5575,足够,25,50.5575,足够,110,182.182,足够,115,190.463,足够
Q3,1,MMBT3906-7-F,Diodes,Driver:Package_TO_SOT_SMD__SOT-23,C82762,37810,2026-10-09/10 +08:00,10,10,10只起:0.3728元/只; 100只起:0.2938元/只; 300只起:0.2544元/只; 3000只起:0.2248元/只; 6000只起:0.2011元/只; 9000只起:0.1892元/只,现货公众阶梯快照,https://item.szlcsc.com/83922.html,https://atta.szlcsc.com/upload/public/pdf/source/20221028/DE85DC0248B2C64D4CE838286525BEA1.pdf,10,3.728,足够,10,3.728,足够,10,3.728,足够,10,3.728,足够
R12,1,0805W8F1501T5E,UNI-ROYAL,Driver:R_0805_HandSolder,C4310,193100,2026-10-09/10 +08:00,100,100,100只起:0.0212元/只; 1000只起:0.0165元/只; 5000只起:0.0131元/只; 10000只起:0.012元/只; 50000只起:0.0105元/只,现货公众阶梯快照,https://item.szlcsc.com/4717.html,https://datasheet.lcsc.com/datasheet/pdf/0a975aaa49b7c97f38a963127be4a823.pdf?productCode=C4310,100,2.12,足够,100,2.12,足够,100,2.12,足够,100,2.12,足够
"D3,D5,D6",3,BAT54SLT1G,onsemi,Driver:Package_TO_SOT_SMD__SOT-23,C19726,173616,2026-10-09/10 +08:00,1,1,1只起:0.1551元/只; 10只起:0.1151元/只; 30只起:0.0973元/只; 100只起:0.084元/只; 500只起:0.0786元/只; 1000只起:0.0751元/只,现货公众阶梯快照,https://item.szlcsc.com/20435.html,https://www.onsemi.com/download/data-sheet/pdf/bat54slt1-d.pdf,3,0.4653,足够,5,0.7755,足够,15,1.7265,足够,17,1.9567,足够
"C17,C23,C24,C9,C10,C11",6,GRM21BR71H474KA88L,Murata,Driver:Capacitor_SMD__C_0805_2012Metric,C86043,8690,2026-10-09/10 +08:00,10,10,10只起:0.4347元/只; 100只起:0.3578元/只; 300只起:0.3194元/只; 3000只起:0.2906元/只; 6000只起:0.2676元/只,现货公众阶梯快照,https://item.szlcsc.com/87219.html,https://atta.szlcsc.com/upload/public/pdf/source/20200305/C490387_23319AE8C154DEB24C505E6C82A8106A.pdf,10,4.347,足够,10,4.347,足够,30,13.041,足够,40,17.388,足够
C18,1,GRM21BR71H224KA01L,Murata,Driver:Capacitor_SMD__C_0805_2012Metric,C86042,8475,2026-10-09/10 +08:00,5,5,5只起:0.6756元/只; 50只起:0.5748元/只; 150只起:0.5243元/只; 500只起:0.4865元/只; 3000只起:0.3513元/只; 6000只起:0.3361元/只,现货公众阶梯快照,https://item.szlcsc.com/87218.html,https://atta.szlcsc.com/upload/public/pdf/source/20200305/C490387_23319AE8C154DEB24C505E6C82A8106A.pdf,5,3.378,足够,5,3.378,足够,5,3.378,足够,10,6.756,足够
R7,1,CR0805F4K30P05Z,EVER OHMS,Driver:R_0805_HandSolder,C881377,1200,2026-10-09/10 +08:00,100,100,100只起:0.0123元/只; 1000只起:0.0091元/只; 5000只起:0.0074元/只,现货公众阶梯快照,https://item.szlcsc.com/944292.html,https://datasheet.lcsc.com/datasheet/pdf/26b4fef0e40d7756d4bc5f75532f8423.pdf?productCode=C881377,100,1.23,足够,100,1.23,足够,100,1.23,足够,100,1.23,足够
R8,1,SCR0805F110K,VO,Driver:R_0805_HandSolder,C5140228,1200,2026-10-09/10 +08:00,100,100,100只起:0.013元/只; 1000只起:0.0099元/只; 5000只起:0.0077元/只,现货公众阶梯快照,https://item.szlcsc.com/5753305.html,https://datasheet.lcsc.com/datasheet/pdf/04ce3139d67e70b6b0ee7061f06aa3e9.pdf?productCode=C5140228,100,1.3,足够,100,1.3,足够,100,1.3,足够,100,1.3,足够
"R10,R19",2,0805W8D220KT5E,UNI-ROYAL,Driver:R_0805_HandSolder,C407467,4450,2026-10-09/10 +08:00,1,1,1只起:0.0713元/只; 10只起:0.0564元/只; 30只起:0.0482元/只; 100只起:0.0432元/只; 500只起:0.0389元/只; 1000只起:0.0366元/只,现货公众阶梯快照,https://item.szlcsc.com/396024.html,https://datasheet.lcsc.com/datasheet/pdf/0a975aaa49b7c97f38a963127be4a823.pdf?productCode=C407467,2,0.1426,足够,4,0.2852,足够,10,0.564,足够,12,0.6768,足够
Q6,1,MMBT3904-7-F,Diodes,Driver:Package_TO_SOT_SMD__SOT-23,C94514,262810,2026-10-09/10 +08:00,10,10,10只起:0.3922元/只; 100只起:0.3201元/只; 300只起:0.2841元/只; 3000只起:0.2571元/只; 6000只起:0.2355元/只; 9000只起:0.2247元/只,现货公众阶梯快照,https://item.szlcsc.com/95712.html,https://atta.szlcsc.com/upload/public/pdf/source/20230810/4AD110B3C3E81E2CEF5971F860B34099.pdf,10,3.922,足够,10,3.922,足够,10,3.922,足够,10,3.922,足够
"C22,C25",2,GRM21BR71H105KA12L,Murata,Driver:Capacitor_SMD__C_0805_2012Metric,C77083,117370,2026-10-09/10 +08:00,10,10,10只起:0.2589元/只; 100只起:0.2099元/只; 300只起:0.1847元/只; 3000只起:0.1639元/只; 6000只起:0.1567元/只; 9000只起:0.1517元/只,现货公众阶梯快照,https://item.szlcsc.com/78210.html,https://atta.szlcsc.com/upload/public/pdf/source/20200305/C490387_23319AE8C154DEB24C505E6C82A8106A.pdf,10,2.589,足够,10,2.589,足够,10,2.589,足够,20,5.178,足够
C26,1,0805B473K500NT,FH,Driver:C_0805_HandSolder,C1745,54950,2026-10-09/10 +08:00,50,50,50只起:0.1098元/只; 500只起:0.0888元/只; 1500只起:0.0772元/只; 4000只起:0.0638元/只; 24000只起:0.0578元/只; 48000只起:0.0545元/只,现货公众阶梯快照,https://item.szlcsc.com/2097.html,https://datasheet.lcsc.com/datasheet/pdf/09fe2daf22580a99fa7fea93ccb20fb7.pdf?productCode=C1745,50,5.49,足够,50,5.49,足够,50,5.49,足够,50,5.49,足够
"R17,R50",2,TC0550F2003T5G,UNI-ROYAL,Driver:R_0805_HandSolder,C2989258,4930,2026-10-09/10 +08:00,10,10,10只起:0.0401元/只; 100只起:0.0315元/只; 300只起:0.0267元/只; 1000只起:0.0238元/只,现货公众阶梯快照,https://item.szlcsc.com/3448681.html,https://datasheet.lcsc.com/datasheet/pdf/d0d02de47642fe4f4639912f1a5cccad.pdf?productCode=C2989258,10,0.401,足够,10,0.401,足够,10,0.401,足够,20,0.802,足够
R18,1,HP05W3F1602T5E,UNI-ROYAL,Driver:R_0805_HandSolder,C2774511,400,2026-10-09/10 +08:00,100,100,100只起:0.0223元/只; 1000只起:0.0168元/只; 5000只起:0.0139元/只,现货公众阶梯快照,https://item.szlcsc.com/2912966.html,https://www.uni-royal.cn/images/userfile/file/1723267015d7bab4914ae1a4d5.pdf,100,2.23,足够,100,2.23,足够,100,2.23,足够,100,2.23,足够
U4,1,TCN75AVOA713,Microchip,Driver:Package_SO__SOIC-8_3.9x4.9mm_P1.27mm,C144313,443,2026-10-09/10 +08:00,1,1,1只起:7.8元/只; 10只起:6.61元/只; 30只起:5.96元/只; 100只起:5.22元/只,现货公众阶梯快照,https://item.szlcsc.com/155645.html,https://ww1.microchip.com/downloads/en/DeviceDoc/21935c.pdf,1,7.8,足够,3,23.4,足够,5,39.0,足够,7,54.6,足够
"R20,R21",2,0805W8F4701T5E,UNI-ROYAL,Driver:R_0805_HandSolder,C17673,1665700,2026-10-09/10 +08:00,100,100,100只起:0.0306元/只; 1000只起:0.0243元/只; 5000只起:0.021元/只; 10000只起:0.0189元/只; 50000只起:0.0181元/只; 100000只起:0.0175元/只,现货公众阶梯快照,https://item.szlcsc.com/18361.html,https://datasheet.lcsc.com/datasheet/pdf/0a975aaa49b7c97f38a963127be4a823.pdf?productCode=C17673,100,3.06,足够,100,3.06,足够,100,3.06,足够,100,3.06,足够
R1,1,0805W8F2001T5E,UNI-ROYAL,Driver:R_0805_HandSolder,C17604,3655700,2026-10-09/10 +08:00,100,100,100只起:0.0234元/只; 1000只起:0.0182元/只; 5000只起:0.0149元/只; 10000只起:0.0136元/只; 50000只起:0.0119元/只,现货公众阶梯快照,https://item.szlcsc.com/18292.html,https://datasheet.lcsc.com/datasheet/pdf/0a975aaa49b7c97f38a963127be4a823.pdf?productCode=C17604,100,2.34,足够,100,2.34,足够,100,2.34,足够,100,2.34,足够
"C105,C108,C111,C114,C117,C120",6,GRM32DR71H335KA88L,Murata,Driver:Capacitor_SMD__C_1210_3225Metric,C397310,3015,2026-10-09/10 +08:00,5,5,5只起:2.8元/只; 50只起:2.3元/只; 150只起:2.08元/只; 500只起:1.81元/只; 2500只起:1.69元/只,现货公众阶梯快照,https://item.szlcsc.com/378870.html,https://atta.szlcsc.com/upload/public/pdf/source/20190712/C397310_8EB97581BD3F98F2177A74ABEE8CEC8B.pdf,10,28.0,足够,10,28.0,足够,30,84.0,足够,35,98.0,足够
"R39,R40,R41,R42,R43",5,0805W8F330JT5E,UNI-ROYAL,Driver:R_0805_HandSolder,C17634,1168400,2026-10-09/10 +08:00,100,100,100只起:0.0285元/只; 1000只起:0.0222元/只; 5000只起:0.0182元/只; 10000只起:0.0162元/只; 50000只起:0.0143元/只; 100000只起:0.0134元/只,现货公众阶梯快照,https://item.szlcsc.com/18322.html,https://datasheet.lcsc.com/datasheet/pdf/0a975aaa49b7c97f38a963127be4a823.pdf?productCode=C17634,100,2.85,足够,100,2.85,足够,100,2.85,足够,100,2.85,足够
J2,1,SH-PZ254V-2x8P,SHOU HAN,Driver:Connector_PinHeader_2.54mm__PinHeader_2x08_P2.54mm_Vertical,C55629829,500,2026-10-09/10 +08:00,5,5,,价格缺口：未获取MOQ人民币实时阶梯（不以网页最低大批量价冒充）,https://item.szlcsc.com/59737003.html,https://datasheet.lcsc.com/datasheet/pdf/a15807adb16db6524ac1ac5d15bcc78a.pdf?productCode=C55629829,5,,足够,5,,足够,5,,足够,10,,足够
FPC1,1,FPC-05FB-60PH20,Xunpu,Driver:FPC_05FB_60PH20,C2856839,7660,2026-10-09/10 +08:00,1,1,,价格缺口：未获取MOQ人民币实时阶梯（不以网页最低大批量价冒充）,https://item.szlcsc.com/3056937.html,https://atta.szlcsc.com/upload/public/pdf/source/20210922/C2856839_B700DB1A2B95976B214AB1FEFC031E2B.pdf,1,,足够,3,,足够,5,,足够,7,,足够
C36,1,0805CG102J500NT,FH,Driver:Capacitor_SMD__C_0805_2012Metric,C29925,147500,2026-10-09/10 +08:00,50,50,50只起:0.0838元/只; 500只起:0.0679元/只; 1500只起:0.0591元/只; 4000只起:0.0482元/只; 24000只起:0.0437元/只; 48000只起:0.0412元/只,现货公众阶梯快照,https://item.szlcsc.com/30679.html,https://datasheet.lcsc.com/datasheet/pdf/09fe2daf22580a99fa7fea93ccb20fb7.pdf?productCode=C29925,50,4.19,足够,50,4.19,足够,50,4.19,足够,50,4.19,足够
R49,1,0805W8F0000T5E,UNI-ROYAL,Driver:Resistor_SMD__R_0805_2012Metric,C17477,4100900,2026-10-09/10 +08:00,100,100,100只起:0.0268元/只; 1000只起:0.0214元/只; 5000只起:0.0181元/只; 10000只起:0.0163元/只; 50000只起:0.0155元/只; 100000只起:0.0151元/只,现货公众阶梯快照,https://item.szlcsc.com/18165.html,https://datasheet.lcsc.com/datasheet/pdf/0a975aaa49b7c97f38a963127be4a823.pdf?productCode=C17477,100,2.68,足够,100,2.68,足够,100,2.68,足够,100,2.68,足够
