场景,板数,每型号组总计备品,拟机器贴件数每板,拟人工件数每板,SMT已知元件理论额CNY,SMT价格或库存缺口C号,人工采购已知部分按MOQ倍数CNY,人工价格或库存缺口C号,拟收费型号组数含缺货,缺货不可执行收费组数,条件成立时换料费CNY,其他加工费CNY,SMT损耗及最小订单费用CNY,运费人工耗材CNY,完整元件费CNY,完整总费用CNY,供货缺口,说明
v0.8全部SMD机器贴,1,0,102,2,109.2166,C6628419,0,"C42410552,C55629829",28,1,560,,,,,,C6628419,经济型公开规则20元/普通扩展型号/订单，免费按直接SMT证据；SMT按只公开阶梯理论计算，+2件交付/损耗/MOQ未确认，非最终付款。人工采购按商城MOQ倍数。Q7仍缺货，完整方案不可下单；其他费未知，不直接比较旧615元。
v0.8全部SMD机器贴,1,2,102,2,173.8164,C6628419,0,"C42410552,C55629829",28,1,560,,,,,,C6628419,经济型公开规则20元/普通扩展型号/订单，免费按直接SMT证据；SMT按只公开阶梯理论计算，+2件交付/损耗/MOQ未确认，非最终付款。人工采购按商城MOQ倍数。Q7仍缺货，完整方案不可下单；其他费未知，不直接比较旧615元。
v0.8全部SMD机器贴,5,0,102,2,496.791,C6628419,0,"C42410552,C55629829",28,1,560,,,,,,C6628419,经济型公开规则20元/普通扩展型号/订单，免费按直接SMT证据；SMT按只公开阶梯理论计算，+2件交付/损耗/MOQ未确认，非最终付款。人工采购按商城MOQ倍数。Q7仍缺货，完整方案不可下单；其他费未知，不直接比较旧615元。
v0.8全部SMD机器贴,5,2,102,2,559.4484,C6628419,0,"C42410552,C55629829",28,1,560,,,,,,C6628419,经济型公开规则20元/普通扩展型号/订单，免费按直接SMT证据；SMT按只公开阶梯理论计算，+2件交付/损耗/MOQ未确认，非最终付款。人工采购按商城MOQ倍数。Q7仍缺货，完整方案不可下单；其他费未知，不直接比较旧615元。
三组候选替换后全部SMD机器贴,1,0,102,2,109.1886,C6628419,0,"C42410552,C55629829",25,1,500,,,,,,C6628419,经济型公开规则20元/普通扩展型号/订单，免费按直接SMT证据；SMT按只公开阶梯理论计算，+2件交付/损耗/MOQ未确认，非最终付款。人工采购按商城MOQ倍数。Q7仍缺货，完整方案不可下单；其他费未知，不直接比较旧615元。
三组候选替换后全部SMD机器贴,1,2,102,2,173.7966,C6628419,0,"C42410552,C55629829",25,1,500,,,,,,C6628419,经济型公开规则20元/普通扩展型号/订单，免费按直接SMT证据；SMT按只公开阶梯理论计算，+2件交付/损耗/MOQ未确认，非最终付款。人工采购按商城MOQ倍数。Q7仍缺货，完整方案不可下单；其他费未知，不直接比较旧615元。
三组候选替换后全部SMD机器贴,5,0,102,2,496.8,C6628419,0,"C42410552,C55629829",25,1,500,,,,,,C6628419,经济型公开规则20元/普通扩展型号/订单，免费按直接SMT证据；SMT按只公开阶梯理论计算，+2件交付/损耗/MOQ未确认，非最终付款。人工采购按商城MOQ倍数。Q7仍缺货，完整方案不可下单；其他费未知，不直接比较旧615元。
三组候选替换后全部SMD机器贴,5,2,102,2,559.4954,C6628419,0,"C42410552,C55629829",25,1,500,,,,,,C6628419,经济型公开规则20元/普通扩展型号/订单，免费按直接SMT证据；SMT按只公开阶梯理论计算，+2件交付/损耗/MOQ未确认，非最终付款。人工采购按商城MOQ倍数。Q7仍缺货，完整方案不可下单；其他费未知，不直接比较旧615元。
建议混合装配：免费＋FPC＋Q1/Q4机器贴,1,0,30,74,6.7873,,172.6173,"C6628419,C42410552,C53896892,C55629829",2,0,40,,,,,,C6628419,经济型公开规则20元/普通扩展型号/订单，免费按直接SMT证据；SMT按只公开阶梯理论计算，+2件交付/损耗/MOQ未确认，非最终付款。人工采购按商城MOQ倍数。Q7仍缺货，完整方案不可下单；其他费未知，不直接比较旧615元。
建议混合装配：免费＋FPC＋Q1/Q4机器贴,1,2,30,74,15.7809,,197.917,"C6628419,C42410552,C53896892,C55629829",2,0,40,,,,,,C6628419,经济型公开规则20元/普通扩展型号/订单，免费按直接SMT证据；SMT按只公开阶梯理论计算，+2件交付/损耗/MOQ未确认，非最终付款。人工采购按商城MOQ倍数。Q7仍缺货，完整方案不可下单；其他费未知，不直接比较旧615元。
建议混合装配：免费＋FPC＋Q1/Q4机器贴,5,0,30,74,33.9365,,460.9705,"C6628419,C42410552,C53896892,C55629829",2,0,40,,,,,,C6628419,经济型公开规则20元/普通扩展型号/订单，免费按直接SMT证据；SMT按只公开阶梯理论计算，+2件交付/损耗/MOQ未确认，非最终付款。人工采购按商城MOQ倍数。Q7仍缺货，完整方案不可下单；其他费未知，不直接比较旧615元。
建议混合装配：免费＋FPC＋Q1/Q4机器贴,5,2,30,74,42.9301,,549.8122,"C6628419,C42410552,C53896892,C55629829",2,0,40,,,,,,C6628419,经济型公开规则20元/普通扩展型号/订单，免费按直接SMT证据；SMT按只公开阶梯理论计算，+2件交付/损耗/MOQ未确认，非最终付款。人工采购按商城MOQ倍数。Q7仍缺货，完整方案不可下单；其他费未知，不直接比较旧615元。
最低换料费：仅免费组机器贴,1,0,27,77,0.8863,,181.2423,"C6628419,C42410552,C53896892,C55629829,C2856839",0,0,0,,,,,,C6628419,经济型公开规则20元/普通扩展型号/订单，免费按直接SMT证据；SMT按只公开阶梯理论计算，+2件交付/损耗/MOQ未确认，非最终付款。人工采购按商城MOQ倍数。Q7仍缺货，完整方案不可下单；其他费未知，不直接比较旧615元。
最低换料费：仅免费组机器贴,1,2,27,77,1.5279,,206.542,"C6628419,C42410552,C53896892,C55629829,C2856839",0,0,0,,,,,,C6628419,经济型公开规则20元/普通扩展型号/订单，免费按直接SMT证据；SMT按只公开阶梯理论计算，+2件交付/损耗/MOQ未确认，非最终付款。人工采购按商城MOQ倍数。Q7仍缺货，完整方案不可下单；其他费未知，不直接比较旧615元。
最低换料费：仅免费组机器贴,5,0,27,77,4.4315,,478.2205,"C6628419,C42410552,C53896892,C55629829,C2856839",0,0,0,,,,,,C6628419,经济型公开规则20元/普通扩展型号/订单，免费按直接SMT证据；SMT按只公开阶梯理论计算，+2件交付/损耗/MOQ未确认，非最终付款。人工采购按商城MOQ倍数。Q7仍缺货，完整方案不可下单；其他费未知，不直接比较旧615元。
最低换料费：仅免费组机器贴,5,2,27,77,5.0731,,575.6872,"C6628419,C42410552,C53896892,C55629829,C2856839",0,0,0,,,,,,C6628419,经济型公开规则20元/普通扩展型号/订单，免费按直接SMT证据；SMT按只公开阶梯理论计算，+2件交付/损耗/MOQ未确认，非最终付款。人工采购按商城MOQ倍数。Q7仍缺货，完整方案不可下单；其他费未知，不直接比较旧615元。
