顺序,位号,原MPN,原C编号,原每板数量,原购买数量含MOQ余量,原报价小计CNY,新版MPN,新版C编号,比较购买数量,比较付款CNY,节省CNY,状态及原因,低价候选,国内库存,MOQ及购买倍数,人民币阶梯,供货查询时间,采购链接,原厂资料
1,"C1,C103,C104,C106,C107,C109,C110,C112,C113,C115,C116,C118,C119,C13,C15,C2,C20,C3,C4,C5,C6,C7",GRM32ER71H106KA12L,C77102,22,25,50.56,GRM32ER71H106KA12L,C77102,25,50.56,0.0,保留：三环/信昌/风华/TDK等有现货低价，但未完成与原件在六组源极实际偏压、ESR及纹波条件的有效容量逐点对比；不把标称10µF相同当作容量闭环。,TCC1210X7R106K500MT C50767259 库存18400 MOQ/倍数5 25只/29.3525元; 12105C106K4T2A C597578 库存12140 MOQ/倍数5 25只/33.37元; C1210X106K050T C172721 库存5014 MOQ/倍数1 25只/34.12元,870,5,5只起:2.0223元/只; 50只起:1.6562元/只; 150只起:1.4775元/只; 1000只起:1.2961元/只; 2000只起:1.2523元/只; 5000只起:1.226元/只,2026-10-09/10 +08:00,https://item.szlcsc.com/78229.html,https://atta.szlcsc.com/upload/public/pdf/source/20200305/C490387_23319AE8C154DEB24C505E6C82A8106A.pdf
2,"C105,C108,C111,C114,C117,C120",GRM32DR71H335KA88L,C397310,6,10,28.0,GRM32DR71H335KA88L,C397310,10,28.0,0.0,保留：信昌FS32X335K500EGG、火炬CC1210X7R50V335KN可省钱；缺实际偏压有效容量/ESR证据，六组容量配置不变。,FS32X335K500EGG C1021610 库存4440 MOQ/倍数5 10只/10.456元; CC1210X7R50V335KN C54157488 库存1895 MOQ/倍数5 10只/10.774元; FS32X335K101EGG C692313 库存5670 MOQ/倍数5 10只/11.15元,3015,5,5只起:2.8元/只; 50只起:2.3元/只; 150只起:2.08元/只; 500只起:1.81元/只; 2500只起:1.69元/只,2026-10-09/10 +08:00,https://item.szlcsc.com/378870.html,https://atta.szlcsc.com/upload/public/pdf/source/20190712/C397310_8EB97581BD3F98F2177A74ABEE8CEC8B.pdf
3,"C31,C32",GRM32ER60J107ME20L,C88154,2,5,14.64,GRM32ER60J107ME20L,C88154,5,14.64,0.0,保留：三星CL32A107MQVNNNE C49066有现货；同为100µF/6.3V/X5R/1210不代表3.3V容量相同；偏压容量对比未闭环。,CL32A107MQVNNNE C49066 库存9794 MOQ/倍数1 5只/7.8395元; CGA1210X6S107M6R3RT C6120022 库存1514 MOQ/倍数1 5只/9.75元; JMK325BJ107MM-T C191180 库存1757 MOQ/倍数1 5只/11.9元,19280,5,5只起:2.9282元/只; 50只起:2.6312元/只; 150只起:2.4862元/只; 1000只起:2.3569元/只; 2000只起:2.3214元/只; 5000只起:2.3元/只,2026-10-09/10 +08:00,https://item.szlcsc.com/89332.html,https://atta.szlcsc.com/upload/public/pdf/source/20170116/1484561244372.pdf
4,U5,TPS22917DBVR,C2681320,1,5,12.24,TPS22917DBVR,C2681320,5,12.24,0.0,保留：MX22917T23虽支持QOD/CT/反灌保护，Ron约240mΩ而非原约80mΩ；完整静态电流、瞬态、反灌边界及热评审未通过，不能仅按引脚相同替换。,MX22917T23 C5359093 库存13560 MOQ/倍数10 10只/3.399元,22180,5,5只起:2.4481元/只; 50只起:1.8942元/只; 150只起:1.6568元/只; 500只起:1.3606元/只; 3000只起:1.2288元/只; 6000只起:1.1496元/只,2026-10-09/10 +08:00,https://item.szlcsc.com/2775165.html,https://www.ti.com/lit/ds/symlink/tps22917.pdf
5,C28,CL32B225KBJNNNE,C307587,1,5,11.74,GRM32ER71H475KA88L,C86052,0,0,11.74,实施：C28输入BENCH_3V3旁路改用既有GRM32ER71H475KA88L；4.7µF由8→9只，采购10只不增加付款；取消独立2.2µF组的5只采购（含4只MOQ余量）。,TCC1210X7R225K500MT C45071203 库存2985 MOQ/倍数5 5只/2.507元; TCC1210X7R225K101MT C5449052 库存325 MOQ/倍数5 5只/2.6645元; FS32X225K101EGG C153036 库存306915 MOQ/倍数5 5只/2.716元,38750,5,5只起:0.8859元/只; 50只起:0.7323元/只; 150只起:0.6532元/只; 1000只起:0.5881元/只; 2000只起:0.5654元/只; 5000只起:0.55元/只,2026-10-09/10 +08:00,https://item.szlcsc.com/87228.html,https://search.murata.co.jp/Ceramy/image/img/A01X/G101/ENG/GRM32ER71H475KA88-01A.pdf
6,"C12,C14,C16,C19,C21,C29,C30,C8",GRM32ER71H475KA88L,C86052,8,10,8.86,GRM32ER71H475KA88L,C86052,10,8.86,0.0,保留原型号，新增C28并入此组；低价PSA/CCTC未提供本板工作偏压有效容量/ESR对比。,FS32X475K500EGG C381465 库存780 MOQ/倍数5 10只/7.766元; CS3225X7R475K101NRK C56055445 库存5060 MOQ/倍数5 10只/7.943元; TCC1210X7R475K500MT C48543515 库存55955 MOQ/倍数5 10只/7.954元,38750,5,5只起:0.8859元/只; 50只起:0.7323元/只; 150只起:0.6532元/只; 1000只起:0.5881元/只; 2000只起:0.5654元/只; 5000只起:0.55元/只,2026-10-09/10 +08:00,https://item.szlcsc.com/87228.html,https://search.murata.co.jp/Ceramy/image/img/A01X/G101/ENG/GRM32ER71H475KA88-01A.pdf
7,"Q1,Q4",DMN3065LW-7,C150506,2,5,8.63,DMN3065LW-7,C150506,5,8.63,0.0,保留：未找到同封装且实际栅压下RDS(on)、Qg/开关损耗均可证明不劣的低价候选。,,355,5,5只起:1.725元/只; 50只起:1.3747元/只; 150只起:1.2245元/只,2026-10-09/10 +08:00,https://item.szlcsc.com/161844.html,https://www.diodes.com/part/view/DMN3065LW
8,U4,TCN75AVOA713,C144313,1,1,7.8,TCN75AVOA713,C144313,1,7.8,0.0,保留：屏幕温度采集需兼容I2C地址/寄存器/精度；未取得有意义且固件兼容的等效降本证据。,,443,1,1只起:7.8元/只; 10只起:6.61元/只; 30只起:5.96元/只; 100只起:5.22元/只,2026-10-09/10 +08:00,https://item.szlcsc.com/155645.html,https://ww1.microchip.com/downloads/en/DeviceDoc/21935c.pdf
9,"U1,U2,U3",WSL1206R2000FEA,C2073442,3,3,7.44,WSL1206R2000FEA,C2073442,3,7.44,0.0,保留：RESI MFCR1206FR200QHR、华德STE1206M1W0R200F有现货，额定功率高；缺与WSL的脉冲能量曲线和实际采样峰值对应，不能仅靠1W替代。,MFCR1206FR200QHR C42460613 库存9150 MOQ/倍数5 5只/2.39元; STE1206M1W0R200F C2840871 库存3930 MOQ/倍数10 10只/2.65元; HoYH1206-1W-200mR-1% C2932839 库存25510 MOQ/倍数5 5只/3.124元,2124,1,1只起:2.48元/只; 10只起:1.93元/只; 30只起:1.7元/只; 100只起:1.41元/只; 500只起:1.27元/只; 1000只起:1.2元/只,2026-10-09/10 +08:00,https://item.szlcsc.com/2165027.html,https://atta.szlcsc.com/upload/public/pdf/source/20210602/CE5897E13CB99DCF20BCC39AB0A05E7D.pdf
10,Q8,DMP3068L-7,C151010,1,5,6.86,DMP3068L-7,C151010,5,6.86,0.0,保留：SLDMP3098L价格低，但最低实际栅压下导通能力、阈值、Qg和驱动损耗未闭环。,SLDMP3098L C55318446 库存50 MOQ/倍数10 10只/1.835元; 3401A-TD C52437602 库存10970 MOQ/倍数10 10只/2.329元; TPM3407AS3 C5342419 库存1350 MOQ/倍数10 10只/2.395元,22705,5,5只起:1.3727元/只; 50只起:1.1187元/只; 150只起:1.0098元/只; 500只起:0.874元/只; 3000只起:0.7696元/只; 6000只起:0.7333元/只,2026-10-09/10 +08:00,https://item.szlcsc.com/162350.html,https://www.diodes.com/datasheet/download/DMP3068L.pdf
11,"L1,L2,L3",PCR1040-150-M,C53896892,3,5,6.23,PCR1040-150-M,C53896892,5,6.23,0.0,保留：现PCR1040已是国内现货降本型，饱和/RMS/DCR/绝缘和焊盘曾复核；未找到证据充分且净付款更低的新料。替代接口未返回结果，单独核对现料库存。,,414,,,2026-10-09/10 +08:00,https://item.szlcsc.com/57092574.html,https://datasheet.lcsc.com/datasheet/pdf/e6a3215768ac43dd7ce4fb124bc75d91.pdf?productCode=C53896892
12,R7,RC0805FR-074K3L,C137518,1,100,6.12,CR0805F4K30P05Z,C881377,100,1.23,4.89,"实施：4.3kΩ ±1%,125mW,150V,±100ppm/°C; same 0805 hand-solder pads",SC0805F4301F4ANRH C5140903 库存100 MOQ/倍数100 100只/1.07元; CR0805F4K30P05Z C881377 库存1200 MOQ/倍数100 100只/1.23元; CR0805F84301G C101723 库存800 MOQ/倍数100 100只/1.25元,1200,100,100只起:0.0123元/只; 1000只起:0.0091元/只; 5000只起:0.0074元/只,2026-10-09/10 +08:00,https://item.szlcsc.com/944292.html,https://datasheet.lcsc.com/datasheet/pdf/26b4fef0e40d7756d4bc5f75532f8423.pdf?productCode=C881377
13,"D1,D2",MBR230S1F-7,C151335,2,5,5.7,MBR230S1F-7,C151335,5,5.7,0.0,保留：ROHM RBR2MM30ATFTR虽30V/2A同类且便宜，Vf额定值不同，未证明原高峰值功率回路的温升/浪涌/结电容和尺寸均兼容；不实施。,RBR2MM30ATFTR C509950 库存1115 MOQ/倍数5 5只/1.699元; PMEG3020EH-FS C52747979 库存2490 MOQ/倍数10 10只/3.421元; RBR2MM30ATR C509951 库存240 MOQ/倍数5 5只/4.695元,41295,5,5只起:1.1404元/只; 50只起:0.9261元/只; 150只起:0.8342元/只; 500只起:0.7196元/只; 3000只起:0.6686元/只; 6000只起:0.638元/只,2026-10-09/10 +08:00,https://item.szlcsc.com/162675.html,https://atta.szlcsc.com/upload/public/pdf/source/20171221/C151335_15138312677151195518.pdf
14,C26,0805B473K500NT,C1745,1,50,5.49,0805B473K500NT,C1745,50,5.49,0.0,保留：按国内现货和原包装数量比较，没有合格且更低实际付款候选。,,54950,50,50只起:0.1098元/只; 500只起:0.0888元/只; 1500只起:0.0772元/只; 4000只起:0.0638元/只; 24000只起:0.0578元/只; 48000只起:0.0545元/只,2026-10-09/10 +08:00,https://item.szlcsc.com/2097.html,https://datasheet.lcsc.com/datasheet/pdf/09fe2daf22580a99fa7fea93ccb20fb7.pdf?productCode=C1745
15,R18,0805W8F1602T5E,C17490,1,100,4.97,HP05W3F1602T5E,C2774511,100,2.23,2.74,"实施：16kΩ ±1%,333mW,150V,±100ppm/°C; same 0805, more rated power",HP05W3F1602T5E C2774511 库存400 MOQ/倍数100 100只/2.23元,400,100,100只起:0.0223元/只; 1000只起:0.0168元/只; 5000只起:0.0139元/只,2026-10-09/10 +08:00,https://item.szlcsc.com/2912966.html,https://www.uni-royal.cn/images/userfile/file/1723267015d7bab4914ae1a4d5.pdf
16,J1,TJC8-2.54-2A,C42410552,1,20,4.58,TJC8-2.54-2A,C42410552,20,4.58,0.0,保留：接口位置及3A通流要求保持，未找到尺寸/镀层/额定电流齐全并值得改板的更低付款方案；单独核对现料库存。,,2577,,,2026-10-09/10 +08:00,https://item.szlcsc.com/44387857.html,https://datasheet.lcsc.com/datasheet/pdf/e9f3c2915a9e3fc695b50dadc57635c3.pdf?productCode=C42410552
17,"R10,R19",0805W8F220KT5E,C17521,2,100,4.53,0805W8D220KT5E,C407467,100,4.32,0.21,"实施：2.2Ω ±0.5%,125mW,150V; same manufacturer series, tolerance improved; 2.2Ω ±0.5%,125mW,150V; same manufacturer series, tolerance improved",0805W8D220KT5E C407467 库存4450 MOQ/倍数1 100只/4.32元,4450,1,1只起:0.0713元/只; 10只起:0.0564元/只; 30只起:0.0482元/只; 100只起:0.0432元/只; 500只起:0.0389元/只; 1000只起:0.0366元/只,2026-10-09/10 +08:00,https://item.szlcsc.com/396024.html,https://datasheet.lcsc.com/datasheet/pdf/0a975aaa49b7c97f38a963127be4a823.pdf?productCode=C407467
18,"C10,C11,C17,C23,C24,C9",GRM21BR71H474KA88L,C86043,6,10,4.35,GRM21BR71H474KA88L,C86043,10,4.35,0.0,保留：0.47µF用于飞跨节点；IHHEC虽同50V且便宜，缺偏压容量、ESR与纹波比对。,C0805X474K050T C340300 库存1019 MOQ/倍数1 10只/1.569元; TCC0805X7R474K500DT C376993 库存12080 MOQ/倍数20 20只/2.58元; CS0805KKX7R9BB474 C2229498 库存3020 MOQ/倍数10 10只/2.593元,8690,10,10只起:0.4347元/只; 100只起:0.3578元/只; 300只起:0.3194元/只; 3000只起:0.2906元/只; 6000只起:0.2676元/只,2026-10-09/10 +08:00,https://item.szlcsc.com/87219.html,https://atta.szlcsc.com/upload/public/pdf/source/20200305/C490387_23319AE8C154DEB24C505E6C82A8106A.pdf
19,C36,0805CG102J500NT,C29925,1,50,4.19,0805CG102J500NT,C29925,50,4.19,0.0,保留：CT时序必须C0G；未找到合格现货且更便宜者。,,147500,50,50只起:0.0838元/只; 500只起:0.0679元/只; 1500只起:0.0591元/只; 4000只起:0.0482元/只; 24000只起:0.0437元/只; 48000只起:0.0412元/只,2026-10-09/10 +08:00,https://item.szlcsc.com/30679.html,https://datasheet.lcsc.com/datasheet/pdf/09fe2daf22580a99fa7fea93ccb20fb7.pdf?productCode=C29925
20,Q6,MMBT3904-7-F,C94514,1,10,3.92,MMBT3904-7-F,C94514,10,3.92,0.0,保留：便宜CCX的200mW低于原件额定功耗；未完成电荷泵开关峰值、存储时间/温升评审。,MMBT3904 C51953474 库存107390 MOQ/倍数10 10只/0.614元; 2N3904S-RTK/PS C18536 库存171775 MOQ/倍数25 25只/1.7725元; MMBT4401 C5184430 库存2580 MOQ/倍数20 20只/2.214元,262810,10,10只起:0.3922元/只; 100只起:0.3201元/只; 300只起:0.2841元/只; 3000只起:0.2571元/只; 6000只起:0.2355元/只; 9000只起:0.2247元/只,2026-10-09/10 +08:00,https://item.szlcsc.com/95712.html,https://atta.szlcsc.com/upload/public/pdf/source/20230810/4AD110B3C3E81E2CEF5971F860B34099.pdf
21,Q3,MMBT3906-7-F,C82762,1,10,3.73,MMBT3906-7-F,C82762,10,3.73,0.0,保留：便宜CCX/Nexperia功耗与原件不同；缺本电荷泵工作损耗及存储时间核算，不能只按3906型号替换。,"MMBT3906 C51953475 库存10310 MOQ/倍数10 10只/0.511元; MMBT3906 C305435 库存84600 MOQ/倍数50 50只/1.93元; MMBT3906,215 C75549 库存96700 MOQ/倍数10 10只/2.247元",37810,10,10只起:0.3728元/只; 100只起:0.2938元/只; 300只起:0.2544元/只; 3000只起:0.2248元/只; 6000只起:0.2011元/只; 9000只起:0.1892元/只,2026-10-09/10 +08:00,https://item.szlcsc.com/83922.html,https://atta.szlcsc.com/upload/public/pdf/source/20221028/DE85DC0248B2C64D4CE838286525BEA1.pdf
22,D4,B0530W-7-F,C124188,1,5,3.68,B0530W-7-F,C124188,5,3.68,0.0,保留：便宜R+O/PANJIT的Vf、漏电和脉冲曲线不同；电荷泵损耗与反向峰值证据不足。,B0530W C7502708 库存29120 MOQ/倍数20 20只/2.39元; MBR130W C52191398 库存2520 MOQ/倍数20 20只/2.472元; SS0530_R1_00001 C360773 库存2230 MOQ/倍数10 10只/2.507元,10760,5,5只起:0.7363元/只; 50只起:0.5757元/只; 150只起:0.4954元/只; 500只起:0.4352元/只; 3000只起:0.3788元/只; 6000只起:0.3547元/只,2026-10-09/10 +08:00,https://item.szlcsc.com/125463.html,https://atta.szlcsc.com/upload/public/pdf/source/20241225/E2605F86CBDD833A242C4ED6CC4B6ED3.pdf
23,"R11,R30,R35,R36,R44,R45,R46,R47,R48",0805W8F1003T5E,C149504,9,100,3.61,0805W8F1003T5E,C149504,100,3.61,0.0,保留：与原采购量相同比较未找到合格且更低实际付款的候选。,,2236900,100,100只起:0.0361元/只; 1000只起:0.0286元/只; 5000只起:0.0248元/只; 10000只起:0.0223元/只; 50000只起:0.0213元/只; 100000只起:0.0206元/只,2026-10-09/10 +08:00,https://item.szlcsc.com/160838.html,https://datasheet.lcsc.com/datasheet/pdf/0a975aaa49b7c97f38a963127be4a823.pdf?productCode=C149504
24,"D3,D5,D6",BAT54S-7-F,C83574,3,5,3.52,BAT54SLT1G,C19726,5,0.7755,2.7445,"实施：30V/200mA series dual, pin1=A/pin2=K/pin3=mid; Vf max 0.24/0.32/0.4/0.5/0.8V at same currents, CT<=10pF, trr<=5ns,225mW; same SOT-23; 30V/200mA series dual, pin1=A/pin2=K/pin3=mid; Vf max 0.24/0.32/0.4/0.5/0.8V at same currents, CT<=10pF, trr<=5ns,225mW; same SOT-23; 30V/200mA series dual, pin1=A/pin2=K/pin3=mid; Vf max 0.24/0.32/0.4/0.5/0.8V at same currents, CT<=10pF, trr<=5ns,225mW; same SOT-23",BAT54SLT1G C19726 库存173616 MOQ/倍数1 5只/0.7755元; BAT54SW-QX C7507575 库存1230 MOQ/倍数10 10只/1.617元; BAT54S C2944161 库存2040 MOQ/倍数20 20只/1.812元,173616,1,1只起:0.1551元/只; 10只起:0.1151元/只; 30只起:0.0973元/只; 100只起:0.084元/只; 500只起:0.0786元/只; 1000只起:0.0751元/只,2026-10-09/10 +08:00,https://item.szlcsc.com/20435.html,https://www.onsemi.com/download/data-sheet/pdf/bat54slt1-d.pdf
25,R8,RC0805FR-07110KL,C137599,1,100,3.4,SCR0805F110K,C5140228,100,1.3,2.1,"实施：110kΩ ±1%,125mW,150V,±100ppm/°C; same 0805 hand-solder pads",CL0805FN110KPS C54863886 库存700 MOQ/倍数100 100只/0.79元; HRC0805F1103FNTN C54921096 库存5000 MOQ/倍数100 100只/1.27元; SCR0805F110K C5140228 库存1200 MOQ/倍数100 100只/1.3元,1200,100,100只起:0.013元/只; 1000只起:0.0099元/只; 5000只起:0.0077元/只,2026-10-09/10 +08:00,https://item.szlcsc.com/5753305.html,https://datasheet.lcsc.com/datasheet/pdf/04ce3139d67e70b6b0ee7061f06aa3e9.pdf?productCode=C5140228
26,"R17,R50",0805W8F2003T5E,C17539,2,100,3.4,TC0550F2003T5G,C2989258,100,3.15,0.25,"实施：200kΩ ±1%,125mW,150V,±50ppm/°C; feedback total remains 400kΩ; 200kΩ ±1%,125mW,150V,±50ppm/°C; feedback total remains 400kΩ",TC0550F2003T5G C2989258 库存4930 MOQ/倍数10 100只/3.15元,4930,10,10只起:0.0401元/只; 100只起:0.0315元/只; 300只起:0.0267元/只; 1000只起:0.0238元/只,2026-10-09/10 +08:00,https://item.szlcsc.com/3448681.html,https://datasheet.lcsc.com/datasheet/pdf/d0d02de47642fe4f4639912f1a5cccad.pdf?productCode=C2989258
27,C18,GRM21BR71H224KA01L,C86042,1,5,3.38,GRM21BR71H224KA01L,C86042,5,3.38,0.0,保留：0.22µF飞跨/高压节点，廉价100V IHHEC不能仅靠更高耐压推定等效有效容量和ESR。,C0805X224K101T C559295 库存19 MOQ/倍数1 5只/0.826元; FM21X224K101ECG C382241 库存17970 MOQ/倍数5 5只/2.445元; C0805C224K1RECAUTO C7224494 库存20 MOQ/倍数10 10只/2.685元,8475,5,5只起:0.6756元/只; 50只起:0.5748元/只; 150只起:0.5243元/只; 500只起:0.4865元/只; 3000只起:0.3513元/只; 6000只起:0.3361元/只,2026-10-09/10 +08:00,https://item.szlcsc.com/87218.html,https://atta.szlcsc.com/upload/public/pdf/source/20200305/C490387_23319AE8C154DEB24C505E6C82A8106A.pdf
28,R49,RC0805JR-070RL,C96345,1,100,3.25,0805W8F0000T5E,C17477,100,2.68,0.57,"实施：0Ω jumper <50mΩ,2A rated/5A overload, same debug function",HRC0805J000 FNTN C54921246 库存150100 MOQ/倍数100 100只/1.0元; SCR0805F0R C3016523 库存2800 MOQ/倍数100 100只/1.1元; HRC0805F0000FNTN C54921091 库存623800 MOQ/倍数100 100只/1.27元,4100900,100,100只起:0.0268元/只; 1000只起:0.0214元/只; 5000只起:0.0181元/只; 10000只起:0.0163元/只; 50000只起:0.0155元/只; 100000只起:0.0151元/只,2026-10-09/10 +08:00,https://item.szlcsc.com/18165.html,https://datasheet.lcsc.com/datasheet/pdf/0a975aaa49b7c97f38a963127be4a823.pdf?productCode=C17477
29,"R20,R21",0805W8F4701T5E,C17673,2,100,3.06,0805W8F4701T5E,C17673,100,3.06,0.0,保留：同采购量未找到合格且更便宜的现货候选。,,1665700,100,100只起:0.0306元/只; 1000只起:0.0243元/只; 5000只起:0.021元/只; 10000只起:0.0189元/只; 50000只起:0.0181元/只; 100000只起:0.0175元/只,2026-10-09/10 +08:00,https://item.szlcsc.com/18361.html,https://datasheet.lcsc.com/datasheet/pdf/0a975aaa49b7c97f38a963127be4a823.pdf?productCode=C17673
30,"R39,R40,R41,R42,R43",0805W8F330JT5E,C17634,5,100,2.85,0805W8F330JT5E,C17634,100,2.85,0.0,保留：同采购量未找到合格且更便宜的现货候选。,,1168400,100,100只起:0.0285元/只; 1000只起:0.0222元/只; 5000只起:0.0182元/只; 10000只起:0.0162元/只; 50000只起:0.0143元/只; 100000只起:0.0134元/只,2026-10-09/10 +08:00,https://item.szlcsc.com/18322.html,https://datasheet.lcsc.com/datasheet/pdf/0a975aaa49b7c97f38a963127be4a823.pdf?productCode=C17634
31,Q7,PJA3433_R1_00001,C6628419,1,1,2.65,PJA3433_R1_00001,C6628419,1,2.65,0.0,国内供货未闭环：PJA3433国内库存0。PPMT30V4/SI3401A的VGS限制与Qg/驱动能力不充分；保留PJA3433及R49，不改P4拓扑；原报价2.65元为海外代购历史价。,PPMT30V4 C110725 库存21820 MOQ/倍数10 10只/2.319元; SI3401A-TP C194253 库存4590 MOQ/倍数10 10只/2.395元; SI2319DDS(TP) C53100530 库存5940 MOQ/倍数5 5只/2.471元,0,5,5只起:1.9521元/只; 50只起:1.6065元/只; 150只起:1.4584元/只; 500只起:1.2735元/只; 3000只起:1.1912元/只; 6000只起:1.1418元/只,2026-10-09/10 +08:00,https://item.szlcsc.com/7583380.html,https://www.panjit.com.cn/upload/datasheet/PJA3433.pdf
32,"R13,R2,R3",0805W8F1004T5E,C17514,3,100,2.64,0805W8F1004T5E,C17514,100,2.64,0.0,保留：同采购量未找到合格且更便宜的现货候选。,,1371800,100,100只起:0.0264元/只; 1000只起:0.021元/只; 5000只起:0.0171元/只; 10000只起:0.0153元/只; 50000只起:0.0137元/只; 100000只起:0.0129元/只,2026-10-09/10 +08:00,https://item.szlcsc.com/18202.html,https://datasheet.lcsc.com/datasheet/pdf/0a975aaa49b7c97f38a963127be4a823.pdf?productCode=C17514
33,"C22,C25",GRM21BR71H105KA12L,C77083,2,10,2.59,GRM21BR71H105KA12L,C77083,10,2.59,0.0,保留：Samsung CL21B105KBFNNNF有现货且便宜，但高压飞跨有效容量、ESR与纹波能力未闭环。,CL21B105KBFNNNF C16195091 库存490 MOQ/倍数10 10只/1.802元,117370,10,10只起:0.2589元/只; 100只起:0.2099元/只; 300只起:0.1847元/只; 3000只起:0.1639元/只; 6000只起:0.1567元/只; 9000只起:0.1517元/只,2026-10-09/10 +08:00,https://item.szlcsc.com/78210.html,https://atta.szlcsc.com/upload/public/pdf/source/20200305/C490387_23319AE8C154DEB24C505E6C82A8106A.pdf
34,FPC1,FPC-05FB-60PH20,C2856839,1,1,2.45,FPC-05FB-60PH20,C2856839,1,2.45,0.0,保留：60P/0.5mm/下接触/可插拔FPC；尺寸、接触方向与屏幕配接要求严格，未获得价格收益及完整兼容证据；单独核对现料库存。,,7660,,,2026-10-09/10 +08:00,https://item.szlcsc.com/3056937.html,https://atta.szlcsc.com/upload/public/pdf/source/20210922/C2856839_B700DB1A2B95976B214AB1FEFC031E2B.pdf
35,R1,0805W8F2001T5E,C17604,1,100,2.34,0805W8F2001T5E,C17604,100,2.34,0.0,保留：同采购量未找到合格且更便宜的现货候选。,,3655700,100,100只起:0.0234元/只; 1000只起:0.0182元/只; 5000只起:0.0149元/只; 10000只起:0.0136元/只; 50000只起:0.0119元/只,2026-10-09/10 +08:00,https://item.szlcsc.com/18292.html,https://datasheet.lcsc.com/datasheet/pdf/0a975aaa49b7c97f38a963127be4a823.pdf?productCode=C17604
36,R12,0805W8F1501T5E,C4310,1,100,2.12,0805W8F1501T5E,C4310,100,2.12,0.0,保留：同采购量未找到合格且更便宜的现货候选。,,193100,100,100只起:0.0212元/只; 1000只起:0.0165元/只; 5000只起:0.0131元/只; 10000只起:0.012元/只; 50000只起:0.0105元/只,2026-10-09/10 +08:00,https://item.szlcsc.com/4717.html,https://datasheet.lcsc.com/datasheet/pdf/0a975aaa49b7c97f38a963127be4a823.pdf?productCode=C4310
37,J2,SH-PZ254V-2x8P,C55629829,1,5,1.88,SH-PZ254V-2x8P,C55629829,5,1.88,0.0,保留：2x8直插接口位置及尺寸保持；未找到足够价格收益且完整兼容者；单独核对现料库存。,,500,,,2026-10-09/10 +08:00,https://item.szlcsc.com/59737003.html,https://datasheet.lcsc.com/datasheet/pdf/a15807adb16db6524ac1ac5d15bcc78a.pdf?productCode=C55629829
38,"C27,C33",CL21B104KBCNNNC,C1711,2,20,1.84,CL21B104KBCNNNC,C1711,20,1.84,0.0,保留：三环100V 0.1µF虽便宜，型号容量温度/尺寸与偏压证据未完成；收益有限，不用未经审核料。,TCC0805X7R104K101DT C344180 库存423980 MOQ/倍数10 20只/1.306元,426700,20,20只起:0.0918元/只; 200只起:0.0714元/只; 600只起:0.0623元/只; 4000只起:0.0483元/只; 8000只起:0.0456元/只; 20000只起:0.0438元/只,2026-10-09/10 +08:00,https://item.szlcsc.com/2063.html,https://datasheet.lcsc.com/datasheet/pdf/02336ea48ea44ca18c72517dd3cb7b47.pdf?productCode=C1711
