pin,datasheet_signal,type,voltage_domain,reference_connection,unused_or_validation,datasheet_page,schematic_page,adopted_design_connection
1,VCOMBD_M,P,内部高压/反馈域；按规格书 DC 表与时序核对，不能接 MCU,VCOMBD_M; C10 470nF,参考连接已录入；电路审核与实测未完成,6,1,VCOMBD_M; C10 470nF
2,RESEC,I,内部高压/反馈域；按规格书 DC 表与时序核对，不能接 MCU,RESEC; TFT_VCOM 电流采样环路/U3 200mΩ,参考连接已录入；电路审核与实测未完成,6,1,RESEC; TFT_VCOM 电流采样环路/U3 200mΩ
3,GDRC,O,内部高压/反馈域；按规格书 DC 表与时序核对，不能接 MCU,GDRC; Q7 PJA3433 栅极,参考连接已录入；电路审核与实测未完成,6,1,GDRC; Q7 PJA3433 栅极
4,RESEN,I,内部高压/反馈域；按规格书 DC 表与时序核对，不能接 MCU,RESEN; 负压环路/U2 200mΩ 与 R4/R5,参考连接已录入；电路审核与实测未完成,6,1,RESEN; 负压环路/U2 200mΩ 与 R4/R5
5,GDRN,O,内部高压/反馈域；按规格书 DC 表与时序核对，不能接 MCU,GDRN; Q8 DMP3068L-7 栅极,参考连接已录入；电路审核与实测未完成,6,1,GDRN; Q8 DMP3068L-7 栅极
6,RESEP,I,内部高压/反馈域；按规格书 DC 表与时序核对，不能接 MCU,RESEP; 正压环路/U1 200mΩ,参考连接已录入；电路审核与实测未完成,6,1,RESEP; 正压环路/U1 200mΩ
7,GDRP,O,内部高压/反馈域；按规格书 DC 表与时序核对，不能接 MCU,GDRP; Q1 DMN3065LW-7 栅极,参考连接已录入；电路审核与实测未完成,6,1,GDRP; Q1 DMN3065LW-7 栅极
8,GND,P,GND,GND,参考连接已录入；电路审核与实测未完成,6,1,GND
9,AVDD,P,AVDD：规格书2.3–6V；本设计选稳压3.3V输入,AVDD; VIN 经 L5/R31、C31/C32各100uF、R32,参考连接已录入；电路审核与实测未完成,6,1,AVDD; VIN 经 L5/R31、C31/C32各100uF、R32
10,VDD,P,VDD：DC表2.4–3.6V，典型3.3V；高负载下限另核对,VDD; EPD_3.3V 经 R33 0Ω,参考连接已录入；电路审核与实测未完成,6,1,VDD; EPD_3.3V 经 R33 0Ω
11,NC,NC,NC,不连接；不与其他NC互连,参考连接已录入；电路审核与实测未完成,6,1,不连接；不与其他NC互连
12,VCC,P,内部VCC LDO/振荡器供电；非外接3.3V输入,VCC; C7 10uF；与 Pin18 相连,参考连接已录入；电路审核与实测未完成,6,1,VCC; C7 10uF；与 Pin18 相连
13,VDDP,P,内部高压/反馈域；按规格书 DC 表与时序核对，不能接 MCU,VDDP; D1/C13 正压输出,参考连接已录入；电路审核与实测未完成,6,1,VDDP; D1/C13 正压输出
14,VDDP,P,内部高压/反馈域；按规格书 DC 表与时序核对，不能接 MCU,与 Pin13 相连,参考连接已录入；电路审核与实测未完成,6,1,与 Pin13 相连
15,NC,NC,NC,不连接；不与其他NC互连,参考连接已录入；电路审核与实测未完成,6,1,不连接；不与其他NC互连
16,VDDN,P,内部高压/反馈域；按规格书 DC 表与时序核对，不能接 MCU,VDDN; D2/C15/R6 负压输出,参考连接已录入；电路审核与实测未完成,6,1,VDDN; D2/C15/R6 负压输出
17,VDDN,P,内部高压/反馈域；按规格书 DC 表与时序核对，不能接 MCU,与 Pin16 相连,参考连接已录入；电路审核与实测未完成,6,1,与 Pin16 相连
18,VCC1,P,内部VCC LDO/振荡器供电；非外接3.3V输入,接 Pin12 VCC；不是接 VDDIO,参考连接已录入；电路审核与实测未完成,6,1,接 Pin12 VCC；不是接 VDDIO
19,VDDIO,P,VDDIO逻辑域；本设计3.3V,VDDIO; EPD_3.3V 经 R34 0Ω；C33 100nF,参考连接已录入；电路审核与实测未完成,6,1,VDDIO; EPD_3.3V 经 R34 0Ω；C33 100nF
20,TSCL,IO,VDDIO逻辑域；本设计3.3V,TSCL; U4 SCL、R21 4.7kΩ 上拉,参考连接已录入；电路审核与实测未完成,6,1,TSCL; U4 SCL、R21 4.7kΩ 上拉
21,TSDA,IO,VDDIO逻辑域；本设计3.3V,TSDA; U4 SDA、R20 4.7kΩ 上拉,参考连接已录入；电路审核与实测未完成,6,1,TSDA; U4 SDA、R20 4.7kΩ 上拉
22,BS0,I,VDDIO逻辑域；本设计3.3V,BS0; 原图R24=0Ω到GND，历史冲突保留,2026-10-01用户接受；规格书p6/8/13；原型验证,6,1,接受控VDD，H；Standard SPI基线，不装到GND的绑带
23,BS1,I,VDDIO逻辑域；本设计3.3V,BS1; 原图R25=0Ω到GND，历史冲突保留,2026-10-01用户接受；规格书p6/8/13；原型验证,6,1,接受控VDD，H；Standard SPI基线，不装到GND的绑带
24,RES#,I,VDDIO逻辑域；本设计3.3V,RST_N; MCU 共享复位,参考连接已录入；电路审核与实测未完成,6,1,RST_N; MCU 共享复位
25,BUSY_N,O,VDDIO逻辑域；本设计3.3V,BUSY_N; MCU 输入，R1 2kΩ 上拉 VDDIO,参考连接已录入；电路审核与实测未完成,6,1,BUSY_N; MCU 输入，R1 2kΩ 上拉 VDDIO
26,D/C#,I,VDDIO逻辑域；本设计3.3V,DC/X; 原图H1控制接口,2026-10-01用户接受；规格书p6/13；原型验证,6,1,接GND；Standard SPI不由MCU控制D/C
27,CSB_M,I,VDDIO逻辑域；本设计3.3V,CSB_M; MCU 独立片选,参考连接已录入；电路审核与实测未完成,7,1,CSB_M; MCU 独立片选
28,SCL,I,VDDIO逻辑域；本设计3.3V,SCL; MCU 时钟,参考连接已录入；电路审核与实测未完成,7,1,SCL; MCU 时钟
29,SI0,IO,VDDIO逻辑域；本设计3.3V,SI0; MCU MOSI,参考连接已录入；电路审核与实测未完成,7,1,SI0; MCU MOSI
30,SI1,IO,VDDIO逻辑域；本设计3.3V,SI1; MCU MISO,参考连接已录入；电路审核与实测未完成,7,1,SI1; MCU MISO
31,SI2,I,VDDIO逻辑域；本设计3.3V,SI2; 原图H1接口,实施电路审核项；不等待Quad文档，不标为已验证,7,1,首版不作数据线；未用输入处理在原型电路审核中核对
32,SI3,I,VDDIO逻辑域；本设计3.3V,SI3; 原图H1接口,实施电路审核项；不等待Quad文档，不标为已验证,7,1,首版不作数据线；未用输入处理在原型电路审核中核对
33,DRVP_Gate,O,内部高压/反馈域；按规格书 DC 表与时序核对，不能接 MCU,DRVP_G; Q4 栅极/VGH 电荷泵,参考连接已录入；电路审核与实测未完成,7,1,DRVP_G; Q4 栅极/VGH 电荷泵
34,FBP,I,内部高压/反馈域；按规格书 DC 表与时序核对，不能接 MCU,FBP; VGH 反馈 R7/R8,参考连接已录入；电路审核与实测未完成,7,1,FBP; VGH 反馈 R7/R8
35,GND,P,GND,GND,参考连接已录入；电路审核与实测未完成,7,1,GND
36,VCOMBD_S,O,内部高压/反馈域；按规格书 DC 表与时序核对，不能接 MCU,VCOMBD_S; C11 470nF,参考连接已录入；电路审核与实测未完成,7,1,VCOMBD_S; C11 470nF
37,DRVN,O,内部高压/反馈域；按规格书 DC 表与时序核对，不能接 MCU,DRVN; Q6/VGL 电荷泵,参考连接已录入；电路审核与实测未完成,7,1,DRVN; Q6/VGL 电荷泵
38,FBN,I,内部高压/反馈域；按规格书 DC 表与时序核对，不能接 MCU,FBN; VGL 反馈 R17/R18,参考连接已录入；电路审核与实测未完成,7,1,FBN; VGL 反馈 R17/R18
39,REG_VGN,O,内部高压/反馈域；按规格书 DC 表与时序核对，不能接 MCU,REG_VGN; 负压参考电路 C25/C26,参考连接已录入；电路审核与实测未完成,7,1,REG_VGN; 负压参考电路 C25/C26
40,DRVN2,O,内部高压/反馈域；按规格书 DC 表与时序核对，不能接 MCU,原图DRVN2仅标签，无外部支路,2026-10-01用户接受；原型测负压/显示，非厂家批次保证,7,1,不接外部支路；沿用所选TFT_VCOM负压拓扑
41,VNCP_3P5V,P,内部高压/反馈域；按规格书 DC 表与时序核对，不能接 MCU,VNCP_3P5V; 经 R16 0Ω 接 VBB_3P5V,2026-10-01用户接受R16=0Ω；原型测负压/显示,7,1,VNCP_3P5V; 经 R16 0Ω 接 VBB_3P5V
42,VSPH,P,内部高压/反馈域；按规格书 DC 表与时序核对，不能接 MCU,VSPH; C1 33uF；与 Pin45 相连,参考连接已录入；电路审核与实测未完成,7,1,VSPH; C1 33uF；与 Pin45 相连
43,VSPL,P,内部高压/反馈域；按规格书 DC 表与时序核对，不能接 MCU,VSPL; C2 33uF；与 Pin46 相连,参考连接已录入；电路审核与实测未完成,7,1,VSPL; C2 33uF；与 Pin46 相连
44,VSPL2,P,内部高压/反馈域；按规格书 DC 表与时序核对，不能接 MCU,VSPL2; C3 33uF；与 Pin47 相连,参考连接已录入；电路审核与实测未完成,7,1,VSPL2; C3 33uF；与 Pin47 相连
45,VSPHI,P,内部高压/反馈域；按规格书 DC 表与时序核对，不能接 MCU,接 Pin42 VSPH,参考连接已录入；电路审核与实测未完成,7,1,接 Pin42 VSPH
46,VSPLI,P,内部高压/反馈域；按规格书 DC 表与时序核对，不能接 MCU,接 Pin43 VSPL,参考连接已录入；电路审核与实测未完成,7,1,接 Pin43 VSPL
47,VSPL2I,P,内部高压/反馈域；按规格书 DC 表与时序核对，不能接 MCU,接 Pin44 VSPL2,参考连接已录入；电路审核与实测未完成,7,1,接 Pin44 VSPL2
48,VSNH,P,内部高压/反馈域；按规格书 DC 表与时序核对，不能接 MCU,VSNH; C4 33uF；与 Pin53 相连,参考连接已录入；电路审核与实测未完成,7,1,VSNH; C4 33uF；与 Pin53 相连
49,VSNL,P,内部高压/反馈域；按规格书 DC 表与时序核对，不能接 MCU,VSNL; C5 33uF；与 Pin52 相连,参考连接已录入；电路审核与实测未完成,7,1,VSNL; C5 33uF；与 Pin52 相连
50,VSNL2,P,内部高压/反馈域；按规格书 DC 表与时序核对，不能接 MCU,VSNL2; C6 33uF；与 Pin51 相连,参考连接已录入；电路审核与实测未完成,7,1,VSNL2; C6 33uF；与 Pin51 相连
51,VSNL2I,P,内部高压/反馈域；按规格书 DC 表与时序核对，不能接 MCU,接 Pin50 VSNL2,参考连接已录入；电路审核与实测未完成,7,1,接 Pin50 VSNL2
52,VSNLI,P,内部高压/反馈域；按规格书 DC 表与时序核对，不能接 MCU,接 Pin49 VSNL,参考连接已录入；电路审核与实测未完成,7,1,接 Pin49 VSNL
53,VSNHI,P,内部高压/反馈域；按规格书 DC 表与时序核对，不能接 MCU,接 Pin48 VSNH,参考连接已录入；电路审核与实测未完成,7,1,接 Pin48 VSNH
54,FPL_VCOM,O,内部高压/反馈域；按规格书 DC 表与时序核对，不能接 MCU,FPL_VCOM; C9 470nF,参考连接已录入；电路审核与实测未完成,7,1,FPL_VCOM; C9 470nF
55,TFT_VCOM,O,内部高压/反馈域；按规格书 DC 表与时序核对，不能接 MCU,TFT_VCOM; C8 4.7uF,参考连接已录入；电路审核与实测未完成,7,1,TFT_VCOM; C8 4.7uF
56,VBB_3P5V,P,内部高压/反馈域；按规格书 DC 表与时序核对，不能接 MCU,VBB_3P5V; Q7/L3/D4/C20 支路,参考连接已录入；电路审核与实测未完成,7,1,VBB_3P5V; Q7/L3/D4/C20 支路
57,NC,NC,NC,不连接；不与其他NC互连,参考连接已录入；电路审核与实测未完成,7,1,不连接；不与其他NC互连
58,CSB_S,I,VDDIO逻辑域；本设计3.3V,CSB_S; MCU 独立片选,参考连接已录入；电路审核与实测未完成,7,1,CSB_S; MCU 独立片选
59,VGH,P,VGH：26–28V，典型27V,VGH; Q3/Q4/D3 电荷泵，R9连接,参考连接已录入；电路审核与实测未完成,7,1,VGH; Q3/Q4/D3 电荷泵，R9连接
60,VGL,P,VGL：−21至−19V，典型−20V,VGL; Q6/D5/D6 电荷泵,参考连接已录入；电路审核与实测未完成,7,1,VGL; Q6/D5/D6 电荷泵
