Comment,Designator,Footprint,Quantity,Manufacturer,MPN,LCSC Part #
0 ohm 0805W8F0000T5E,R49,0805,1,UNI-ROYAL,0805W8F0000T5E,C17477
0.2 ohm WSL1206R2000FEA,"U1,U2,U3",1206,3,Vishay,WSL1206R2000FEA,C2073442
1.5k ohm 0805W8F1501T5E,R12,0805,1,UNI-ROYAL,0805W8F1501T5E,C4310
100k ohm 0805W8F1003T5E,"R11,R30,R35,R36,R44,R45,R46,R47,R48",0805,9,UNI-ROYAL,0805W8F1003T5E,C149504
100nF/50V CL21B104KBCNNNC,"C27,C33",0805,2,Samsung,CL21B104KBCNNNC,C1711
100uF/6.3V GRM32ER60J107ME20L,"C31,C32",1210,2,Murata,GRM32ER60J107ME20L,C88154
10uF/50V GRM32ER71H106KA12L,"C1,C103,C104,C106,C107,C109,C110,C112,C113,C115,C116,C118,C119,C13,C15,C2,C20,C3,C4,C5,C6,C7",1210,22,Murata,GRM32ER71H106KA12L,C77102
110k ohm SCR0805F110K,R8,0805,1,VO,SCR0805F110K,C5140228
15uH PCR1040-150-M,"L1,L2,L3",PCR1040 11.5x10.5mm,3,JIERR,PCR1040-150-M,C53896892
16k ohm HP05W3F1602T5E,R18,0805,1,UNI-ROYAL,HP05W3F1602T5E,C2774511
1M ohm 0805W8F1004T5E,"R13,R2,R3",0805,3,UNI-ROYAL,0805W8F1004T5E,C17514
1nF/50V C0G 0805CG102J500NT,C36,0805,1,FH,0805CG102J500NT,C29925
1uF/50V GRM21BR71H105KA12L,"C22,C25",0805,2,Murata,GRM21BR71H105KA12L,C77083
2.2 ohm 0805W8F220KT5E,"R10,R19",0805,2,UNI-ROYAL,0805W8F220KT5E,C17521
200k ohm 0805W8F2003T5E,"R17,R50",0805,2,UNI-ROYAL,0805W8F2003T5E,C17539
220nF/50V GRM21BR71H224KA01L,C18,0805,1,Murata,GRM21BR71H224KA01L,C86042
2k ohm 0805W8F2001T5E,R1,0805,1,UNI-ROYAL,0805W8F2001T5E,C17604
3.3uF/50V GRM32DR71H335KA88L,"C105,C108,C111,C114,C117,C120",1210,6,Murata,GRM32DR71H335KA88L,C397310
33 ohm 0805W8F330JT5E,"R39,R40,R41,R42,R43",0805,5,UNI-ROYAL,0805W8F330JT5E,C17634
4.3k ohm 0805W8F4301T5E,R7,0805,1,UNI-ROYAL,0805W8F4301T5E,C17667
4.7k ohm 0805W8F4701T5E,"R20,R21",0805,2,UNI-ROYAL,0805W8F4701T5E,C17673
4.7uF/50V GRM32ER71H475KA88L,"C12,C14,C16,C19,C21,C28,C29,C30,C8",1210,9,Murata,GRM32ER71H475KA88L,C86052
470nF/50V GRM21BR71H474KA88L,"C10,C11,C17,C23,C24,C9",0805,6,Murata,GRM21BR71H474KA88L,C86043
47nF/50V 0805B473K500NT,C26,0805,1,FH,0805B473K500NT,C1745
B0530W-7-F B0530W-7-F,D4,SOD-123,1,Diodes,B0530W-7-F,C124188
BAT54SLT1G BAT54SLT1G,"D3,D5,D6",SOT-23,3,onsemi,BAT54SLT1G,C19726
DMN3065LW-7 DMN3065LW-7,"Q1,Q4",SOT-323,2,Diodes,DMN3065LW-7,C150506
DMP3068L-7 DMP3068L-7,Q8,SOT-23,1,Diodes,DMP3068L-7,C151010
FPC-05FB-60PH20 FPC-05FB-60PH20,FPC1,FPC 60P 0.5mm,1,Xunpu,FPC-05FB-60PH20,C2856839
MBR230S1F-7 MBR230S1F-7,"D1,D2",SOD-123F,2,Diodes,MBR230S1F-7,C151335
MMBT3904-7-F MMBT3904-7-F,Q6,SOT-23,1,Diodes,MMBT3904-7-F,C94514
MMBT3906-7-F MMBT3906-7-F,Q3,SOT-23,1,Diodes,MMBT3906-7-F,C82762
PJA3433_R1_00001 PJA3433_R1_00001,Q7,SOT-23,1,Panjit,PJA3433_R1_00001,C6628419
TCN75AVOA713 TCN75AVOA713,U4,SOIC-8,1,Microchip,TCN75AVOA713,C144313
TPS22917DBVR TPS22917DBVR,U5,SOT-23-6,1,Texas Instruments,TPS22917DBVR,C2681320
