位号,旧MPN,旧C号,新MPN,新C号,旧封装,新封装,UUID,已实施,理由
J1,TJC8-2.54-2A,C42410552,TJC8-2.54-2A,C42410552,Driver:Connector_PinHeader_2.54mm__PinHeader_1x02_P2.54mm_Vertical,Driver:Connector_PinHeader_2.54mm__PinHeader_1x02_P2.54mm_Vertical,6566036d-f3ac-591a-8511-e8ed12a2081a,保留v0.8,本轮仅授权三组电阻；现型号/装配方式保持
C28,GRM32ER71H475KA88L,C86052,GRM32ER71H475KA88L,C86052,Driver:Capacitor_SMD__C_1210_3225Metric,Driver:Capacitor_SMD__C_1210_3225Metric,5bd97427-2cd0-520c-975e-c2941cd20b1a,保留v0.8,本轮仅授权三组电阻；现型号/装配方式保持
U5,TPS22917DBVR,C2681320,TPS22917DBVR,C2681320,Driver:Package_TO_SOT_SMD__SOT-23-6,Driver:Package_TO_SOT_SMD__SOT-23-6,66f48b51-86e5-5a8b-9a88-c700e990110b,保留v0.8,本轮仅授权三组电阻；现型号/装配方式保持
R30,0805W8F1003T5E,C149504,0805W8F1003T5E,C149504,Driver:R_0805_HandSolder,Driver:R_0805_HandSolder,b7db1938-eaba-5c3a-abb5-11a8cc9f6641,保留v0.8,本轮仅授权三组电阻；现型号/装配方式保持
C29,GRM32ER71H475KA88L,C86052,GRM32ER71H475KA88L,C86052,Driver:Capacitor_SMD__C_1210_3225Metric,Driver:Capacitor_SMD__C_1210_3225Metric,f557c48f-57d9-5d4c-a136-18aae272a6a8,保留v0.8,本轮仅授权三组电阻；现型号/装配方式保持
C30,GRM32ER71H475KA88L,C86052,GRM32ER71H475KA88L,C86052,Driver:Capacitor_SMD__C_1210_3225Metric,Driver:Capacitor_SMD__C_1210_3225Metric,0d9216c9-5257-528c-816c-5857aae3c0cd,保留v0.8,本轮仅授权三组电阻；现型号/装配方式保持
C31,GRM32ER60J107ME20L,C88154,GRM32ER60J107ME20L,C88154,Driver:Capacitor_SMD__C_1210_3225Metric,Driver:Capacitor_SMD__C_1210_3225Metric,8be9d8e4-221f-554c-a826-ef5049f59a15,保留v0.8,本轮仅授权三组电阻；现型号/装配方式保持
C32,GRM32ER60J107ME20L,C88154,GRM32ER60J107ME20L,C88154,Driver:Capacitor_SMD__C_1210_3225Metric,Driver:Capacitor_SMD__C_1210_3225Metric,f2d8f959-1fd1-5fca-b504-63e1dfd049b9,保留v0.8,本轮仅授权三组电阻；现型号/装配方式保持
C33,CL21B104KBCNNNC,C1711,CL21B104KBCNNNC,C1711,Driver:C_0805_HandSolder,Driver:C_0805_HandSolder,f0d55f8e-116e-5267-8f34-b1d3657a9063,保留v0.8,本轮仅授权三组电阻；现型号/装配方式保持
L1,PCR1040-150-M,C53896892,PCR1040-150-M,C53896892,Driver:L_JIERR_PCR1040,Driver:L_JIERR_PCR1040,396b72d0-7245-5539-a929-f6c4d24282b7,保留v0.8,本轮仅授权三组电阻；现型号/装配方式保持
L2,PCR1040-150-M,C53896892,PCR1040-150-M,C53896892,Driver:L_JIERR_PCR1040,Driver:L_JIERR_PCR1040,c220295b-393c-5e32-b109-4d558c1b9170,保留v0.8,本轮仅授权三组电阻；现型号/装配方式保持
L3,PCR1040-150-M,C53896892,PCR1040-150-M,C53896892,Driver:L_JIERR_PCR1040,Driver:L_JIERR_PCR1040,9ae55387-f1f6-5a49-b346-82299063cfc8,保留v0.8,本轮仅授权三组电阻；现型号/装配方式保持
Q1,DMN3065LW-7,C150506,DMN3065LW-7,C150506,Driver:SOT323_HandSolder,Driver:SOT323_HandSolder,0b00ebd9-f3fd-56e0-a4c2-4171de849932,保留v0.8,本轮仅授权三组电阻；现型号/装配方式保持
Q8,DMP3068L-7,C151010,DMP3068L-7,C151010,Driver:Package_TO_SOT_SMD__SOT-23,Driver:Package_TO_SOT_SMD__SOT-23,86756e56-9531-5723-a5cf-c550ebcad951,保留v0.8,本轮仅授权三组电阻；现型号/装配方式保持
Q7,PJA3433_R1_00001,C6628419,PJA3433_R1_00001,C6628419,Driver:Package_TO_SOT_SMD__SOT-23,Driver:Package_TO_SOT_SMD__SOT-23,3da4ac43-a56a-5763-8140-46c148848227,保留v0.8,本轮仅授权三组电阻；现型号/装配方式保持
U1,WSL1206R2000FEA,C2073442,WSL1206R2000FEA,C2073442,Driver:Resistor_SMD__R_1206_3216Metric,Driver:Resistor_SMD__R_1206_3216Metric,0620a84e-9ac3-5228-a31f-2a5a02e77d46,保留v0.8,本轮仅授权三组电阻；现型号/装配方式保持
U2,WSL1206R2000FEA,C2073442,WSL1206R2000FEA,C2073442,Driver:Resistor_SMD__R_1206_3216Metric,Driver:Resistor_SMD__R_1206_3216Metric,9724dc3d-2e9e-52ee-8da8-7b059addc02d,保留v0.8,本轮仅授权三组电阻；现型号/装配方式保持
U3,WSL1206R2000FEA,C2073442,WSL1206R2000FEA,C2073442,Driver:Resistor_SMD__R_1206_3216Metric,Driver:Resistor_SMD__R_1206_3216Metric,d1fa0770-647e-5805-8275-5f475498fbd8,保留v0.8,本轮仅授权三组电阻；现型号/装配方式保持
R2,0805W8F1004T5E,C17514,0805W8F1004T5E,C17514,Driver:R_0805_HandSolder,Driver:R_0805_HandSolder,2d4e6b6d-b01b-55cc-89e7-c9c3d56b944d,保留v0.8,本轮仅授权三组电阻；现型号/装配方式保持
R3,0805W8F1004T5E,C17514,0805W8F1004T5E,C17514,Driver:R_0805_HandSolder,Driver:R_0805_HandSolder,fc787361-4df4-5330-a1cc-f355b647c08c,保留v0.8,本轮仅授权三组电阻；现型号/装配方式保持
R13,0805W8F1004T5E,C17514,0805W8F1004T5E,C17514,Driver:R_0805_HandSolder,Driver:R_0805_HandSolder,478ce8ba-6cee-5b70-9648-57278e969cbf,保留v0.8,本轮仅授权三组电阻；现型号/装配方式保持
D1,MBR230S1F-7,C151335,MBR230S1F-7,C151335,Driver:Diode_SMD__D_SOD-123F,Driver:Diode_SMD__D_SOD-123F,e901443e-d0d1-52f8-b543-0866ec5c1f4b,保留v0.8,本轮仅授权三组电阻；现型号/装配方式保持
D2,MBR230S1F-7,C151335,MBR230S1F-7,C151335,Driver:Diode_SMD__D_SOD-123F,Driver:Diode_SMD__D_SOD-123F,1d510d3a-c297-5b72-94d7-e1687a8d9f9c,保留v0.8,本轮仅授权三组电阻；现型号/装配方式保持
D4,B0530W-7-F,C124188,B0530W-7-F,C124188,Driver:Diode_SMD__D_SOD-123,Driver:Diode_SMD__D_SOD-123,528f114c-6cc9-5b28-99b5-d66b752718fa,保留v0.8,本轮仅授权三组电阻；现型号/装配方式保持
C12,GRM32ER71H475KA88L,C86052,GRM32ER71H475KA88L,C86052,Driver:Capacitor_SMD__C_1210_3225Metric,Driver:Capacitor_SMD__C_1210_3225Metric,009be3eb-717d-5568-a74c-8caac6368db7,保留v0.8,本轮仅授权三组电阻；现型号/装配方式保持
C13,GRM32ER71H106KA12L,C77102,GRM32ER71H106KA12L,C77102,Driver:Capacitor_SMD__C_1210_3225Metric,Driver:Capacitor_SMD__C_1210_3225Metric,1a9782cb-6164-58b8-9b46-0e7ba364f20c,保留v0.8,本轮仅授权三组电阻；现型号/装配方式保持
C14,GRM32ER71H475KA88L,C86052,GRM32ER71H475KA88L,C86052,Driver:Capacitor_SMD__C_1210_3225Metric,Driver:Capacitor_SMD__C_1210_3225Metric,cb01cad4-46db-5266-a0bb-f7767a9c61bc,保留v0.8,本轮仅授权三组电阻；现型号/装配方式保持
C15,GRM32ER71H106KA12L,C77102,GRM32ER71H106KA12L,C77102,Driver:Capacitor_SMD__C_1210_3225Metric,Driver:Capacitor_SMD__C_1210_3225Metric,f2a33430-1a98-5472-aa43-e841c91aa949,保留v0.8,本轮仅授权三组电阻；现型号/装配方式保持
C19,GRM32ER71H475KA88L,C86052,GRM32ER71H475KA88L,C86052,Driver:Capacitor_SMD__C_1210_3225Metric,Driver:Capacitor_SMD__C_1210_3225Metric,ce9fa164-ab53-5bd4-bbf1-ce4782f9f7e0,保留v0.8,本轮仅授权三组电阻；现型号/装配方式保持
C20,GRM32ER71H106KA12L,C77102,GRM32ER71H106KA12L,C77102,Driver:Capacitor_SMD__C_1210_3225Metric,Driver:Capacitor_SMD__C_1210_3225Metric,09b5a33c-f282-5945-8ad6-8a4c2690d4f7,保留v0.8,本轮仅授权三组电阻；现型号/装配方式保持
Q3,MMBT3906-7-F,C82762,MMBT3906-7-F,C82762,Driver:Package_TO_SOT_SMD__SOT-23,Driver:Package_TO_SOT_SMD__SOT-23,19235eb6-471d-52ad-b3a7-257b41e60d36,保留v0.8,本轮仅授权三组电阻；现型号/装配方式保持
Q4,DMN3065LW-7,C150506,DMN3065LW-7,C150506,Driver:SOT323_HandSolder,Driver:SOT323_HandSolder,986e66ac-d133-5f58-abcd-a6568bc015e4,保留v0.8,本轮仅授权三组电阻；现型号/装配方式保持
R11,0805W8F1003T5E,C149504,0805W8F1003T5E,C149504,Driver:R_0805_HandSolder,Driver:R_0805_HandSolder,68056d04-8b96-50cb-b21b-8f367fbf0523,保留v0.8,本轮仅授权三组电阻；现型号/装配方式保持
R12,0805W8F1501T5E,C4310,0805W8F1501T5E,C4310,Driver:R_0805_HandSolder,Driver:R_0805_HandSolder,150be5a2-0693-5156-b0b3-2ee82434dd97,保留v0.8,本轮仅授权三组电阻；现型号/装配方式保持
D3,BAT54SLT1G,C19726,BAT54SLT1G,C19726,Driver:Package_TO_SOT_SMD__SOT-23,Driver:Package_TO_SOT_SMD__SOT-23,0a6ea35b-d247-5b8c-9c0a-55f4105c90c6,保留v0.8,本轮仅授权三组电阻；现型号/装配方式保持
C16,GRM32ER71H475KA88L,C86052,GRM32ER71H475KA88L,C86052,Driver:Capacitor_SMD__C_1210_3225Metric,Driver:Capacitor_SMD__C_1210_3225Metric,022cedcf-e7a2-5e85-8d5b-f3551e92cafd,保留v0.8,本轮仅授权三组电阻；现型号/装配方式保持
C17,GRM21BR71H474KA88L,C86043,GRM21BR71H474KA88L,C86043,Driver:Capacitor_SMD__C_0805_2012Metric,Driver:Capacitor_SMD__C_0805_2012Metric,da0cfb27-709c-50f3-9407-739a3fb2436f,保留v0.8,本轮仅授权三组电阻；现型号/装配方式保持
C18,GRM21BR71H224KA01L,C86042,GRM21BR71H224KA01L,C86042,Driver:Capacitor_SMD__C_0805_2012Metric,Driver:Capacitor_SMD__C_0805_2012Metric,30b67500-2214-584c-9fcf-d6cbbd05bb7a,保留v0.8,本轮仅授权三组电阻；现型号/装配方式保持
R7,CR0805F4K30P05Z,C881377,0805W8F4301T5E,C17667,Driver:R_0805_HandSolder,Driver:R_0805_HandSolder,25f69a1c-b2e9-5e40-8b40-1735ec6d0860,是,v0.9 three resistor groups only: 4.3kΩ 0805 1% 125mW 150V 100ppm/℃; same pad and ratings; SMT preferred fee waiver explicitly verified
R8,SCR0805F110K,C5140228,SCR0805F110K,C5140228,Driver:R_0805_HandSolder,Driver:R_0805_HandSolder,76017b1c-c9a9-59da-9828-cd422a4e58dd,保留v0.8,本轮仅授权三组电阻；现型号/装配方式保持
R10,0805W8D220KT5E,C407467,0805W8F220KT5E,C17521,Driver:R_0805_HandSolder,Driver:R_0805_HandSolder,3aa9ce7a-d21f-553d-8f19-bf2419483e8d,是,v0.9 three resistor groups only: 2.2Ω 0805 125mW 150V 200ppm/℃; tolerance restored 0.5% to reference 1%; pulse bench test pending
Q6,MMBT3904-7-F,C94514,MMBT3904-7-F,C94514,Driver:Package_TO_SOT_SMD__SOT-23,Driver:Package_TO_SOT_SMD__SOT-23,ab994df7-7668-5e52-8e30-c2d5f9266f34,保留v0.8,本轮仅授权三组电阻；现型号/装配方式保持
D5,BAT54SLT1G,C19726,BAT54SLT1G,C19726,Driver:Package_TO_SOT_SMD__SOT-23,Driver:Package_TO_SOT_SMD__SOT-23,7e74736a-3aa4-53fc-9186-066eed8a87e9,保留v0.8,本轮仅授权三组电阻；现型号/装配方式保持
D6,BAT54SLT1G,C19726,BAT54SLT1G,C19726,Driver:Package_TO_SOT_SMD__SOT-23,Driver:Package_TO_SOT_SMD__SOT-23,84af8084-7fab-5819-bd3a-2d1c575b92d8,保留v0.8,本轮仅授权三组电阻；现型号/装配方式保持
C21,GRM32ER71H475KA88L,C86052,GRM32ER71H475KA88L,C86052,Driver:Capacitor_SMD__C_1210_3225Metric,Driver:Capacitor_SMD__C_1210_3225Metric,c30117e3-3a57-5944-b8bd-b56204891830,保留v0.8,本轮仅授权三组电阻；现型号/装配方式保持
C22,GRM21BR71H105KA12L,C77083,GRM21BR71H105KA12L,C77083,Driver:Capacitor_SMD__C_0805_2012Metric,Driver:Capacitor_SMD__C_0805_2012Metric,42e9ad10-a18f-5735-b79d-83b2d82ff6c4,保留v0.8,本轮仅授权三组电阻；现型号/装配方式保持
C23,GRM21BR71H474KA88L,C86043,GRM21BR71H474KA88L,C86043,Driver:Capacitor_SMD__C_0805_2012Metric,Driver:Capacitor_SMD__C_0805_2012Metric,ea463842-5eee-5805-a3f4-d69525249974,保留v0.8,本轮仅授权三组电阻；现型号/装配方式保持
C24,GRM21BR71H474KA88L,C86043,GRM21BR71H474KA88L,C86043,Driver:Capacitor_SMD__C_0805_2012Metric,Driver:Capacitor_SMD__C_0805_2012Metric,f3608122-3fcd-5886-b3df-465d9232a483,保留v0.8,本轮仅授权三组电阻；现型号/装配方式保持
C25,GRM21BR71H105KA12L,C77083,GRM21BR71H105KA12L,C77083,Driver:Capacitor_SMD__C_0805_2012Metric,Driver:Capacitor_SMD__C_0805_2012Metric,f2812e87-417a-5b59-9ff4-319dc8c38f2a,保留v0.8,本轮仅授权三组电阻；现型号/装配方式保持
C26,0805B473K500NT,C1745,0805B473K500NT,C1745,Driver:C_0805_HandSolder,Driver:C_0805_HandSolder,72f9c5b2-42de-5011-8ab3-f175d1966773,保留v0.8,本轮仅授权三组电阻；现型号/装配方式保持
R17,TC0550F2003T5G,C2989258,0805W8F2003T5E,C17539,Driver:R_0805_HandSolder,Driver:R_0805_HandSolder,abc9f3a1-0416-5bf8-8b48-fbd23524b338,是,v0.9 three resistor groups only: 200kΩ 0805 1% 125mW 150V; TCR restored 50 to 100ppm/℃; total400k unchanged; drift tradeoff documented
R18,HP05W3F1602T5E,C2774511,HP05W3F1602T5E,C2774511,Driver:R_0805_HandSolder,Driver:R_0805_HandSolder,2802c2cd-9d4f-5487-a8b2-da6dfe515974,保留v0.8,本轮仅授权三组电阻；现型号/装配方式保持
R19,0805W8D220KT5E,C407467,0805W8F220KT5E,C17521,Driver:R_0805_HandSolder,Driver:R_0805_HandSolder,7def7659-9517-5761-af4f-7bc4cfa0d686,是,v0.9 three resistor groups only: 2.2Ω 0805 125mW 150V 200ppm/℃; tolerance restored 0.5% to reference 1%; pulse bench test pending
U4,TCN75AVOA713,C144313,TCN75AVOA713,C144313,Driver:Package_SO__SOIC-8_3.9x4.9mm_P1.27mm,Driver:Package_SO__SOIC-8_3.9x4.9mm_P1.27mm,4669384d-7768-53a0-adc8-8890011d88f5,保留v0.8,本轮仅授权三组电阻；现型号/装配方式保持
R20,0805W8F4701T5E,C17673,0805W8F4701T5E,C17673,Driver:R_0805_HandSolder,Driver:R_0805_HandSolder,eca7bcf7-266e-58d4-9f17-d7209908faee,保留v0.8,本轮仅授权三组电阻；现型号/装配方式保持
R21,0805W8F4701T5E,C17673,0805W8F4701T5E,C17673,Driver:R_0805_HandSolder,Driver:R_0805_HandSolder,aa7461c7-51ee-575d-8eb0-963f01992764,保留v0.8,本轮仅授权三组电阻；现型号/装配方式保持
C27,CL21B104KBCNNNC,C1711,CL21B104KBCNNNC,C1711,Driver:C_0805_HandSolder,Driver:C_0805_HandSolder,7b922b81-fb26-5d68-ac71-4f40b269d4cd,保留v0.8,本轮仅授权三组电阻；现型号/装配方式保持
R1,0805W8F2001T5E,C17604,0805W8F2001T5E,C17604,Driver:R_0805_HandSolder,Driver:R_0805_HandSolder,61a5c413-2fa8-544e-9424-a8d34d7cee70,保留v0.8,本轮仅授权三组电阻；现型号/装配方式保持
R35,0805W8F1003T5E,C149504,0805W8F1003T5E,C149504,Driver:R_0805_HandSolder,Driver:R_0805_HandSolder,faf432de-0485-51bc-ab4b-0a274d539931,保留v0.8,本轮仅授权三组电阻；现型号/装配方式保持
R36,0805W8F1003T5E,C149504,0805W8F1003T5E,C149504,Driver:R_0805_HandSolder,Driver:R_0805_HandSolder,8cea2c15-73e2-5169-8599-82c48b0d4b7c,保留v0.8,本轮仅授权三组电阻；现型号/装配方式保持
C1,GRM32ER71H106KA12L,C77102,GRM32ER71H106KA12L,C77102,Driver:Capacitor_SMD__C_1210_3225Metric,Driver:Capacitor_SMD__C_1210_3225Metric,7c47a940-db15-5224-a93e-9eea0e6ad374,保留v0.8,本轮仅授权三组电阻；现型号/装配方式保持
C103,GRM32ER71H106KA12L,C77102,GRM32ER71H106KA12L,C77102,Driver:Capacitor_SMD__C_1210_3225Metric,Driver:Capacitor_SMD__C_1210_3225Metric,9a7e0e7f-65f7-55f6-993f-18af06f818ce,保留v0.8,本轮仅授权三组电阻；现型号/装配方式保持
C104,GRM32ER71H106KA12L,C77102,GRM32ER71H106KA12L,C77102,Driver:Capacitor_SMD__C_1210_3225Metric,Driver:Capacitor_SMD__C_1210_3225Metric,51f9b468-5750-5f87-b0c1-97e79a74587e,保留v0.8,本轮仅授权三组电阻；现型号/装配方式保持
C105,GRM32DR71H335KA88L,C397310,GRM32DR71H335KA88L,C397310,Driver:Capacitor_SMD__C_1210_3225Metric,Driver:Capacitor_SMD__C_1210_3225Metric,bfeebab9-467d-5f43-8822-8f857843c0d2,保留v0.8,本轮仅授权三组电阻；现型号/装配方式保持
C2,GRM32ER71H106KA12L,C77102,GRM32ER71H106KA12L,C77102,Driver:Capacitor_SMD__C_1210_3225Metric,Driver:Capacitor_SMD__C_1210_3225Metric,b0716500-be0e-57c1-a013-e38145552966,保留v0.8,本轮仅授权三组电阻；现型号/装配方式保持
C106,GRM32ER71H106KA12L,C77102,GRM32ER71H106KA12L,C77102,Driver:Capacitor_SMD__C_1210_3225Metric,Driver:Capacitor_SMD__C_1210_3225Metric,175819c5-3359-51a4-8596-8d2e69e57025,保留v0.8,本轮仅授权三组电阻；现型号/装配方式保持
C107,GRM32ER71H106KA12L,C77102,GRM32ER71H106KA12L,C77102,Driver:Capacitor_SMD__C_1210_3225Metric,Driver:Capacitor_SMD__C_1210_3225Metric,604029b3-0e14-5dbf-82df-34252fd16b83,保留v0.8,本轮仅授权三组电阻；现型号/装配方式保持
C108,GRM32DR71H335KA88L,C397310,GRM32DR71H335KA88L,C397310,Driver:Capacitor_SMD__C_1210_3225Metric,Driver:Capacitor_SMD__C_1210_3225Metric,f0419365-7771-5939-8a42-f36853513dfc,保留v0.8,本轮仅授权三组电阻；现型号/装配方式保持
C3,GRM32ER71H106KA12L,C77102,GRM32ER71H106KA12L,C77102,Driver:Capacitor_SMD__C_1210_3225Metric,Driver:Capacitor_SMD__C_1210_3225Metric,8a6fb4c3-6a82-5238-b4c5-cdb42aa411dd,保留v0.8,本轮仅授权三组电阻；现型号/装配方式保持
C109,GRM32ER71H106KA12L,C77102,GRM32ER71H106KA12L,C77102,Driver:Capacitor_SMD__C_1210_3225Metric,Driver:Capacitor_SMD__C_1210_3225Metric,b37f2285-9f0c-5436-97bf-942aba0815de,保留v0.8,本轮仅授权三组电阻；现型号/装配方式保持
C110,GRM32ER71H106KA12L,C77102,GRM32ER71H106KA12L,C77102,Driver:Capacitor_SMD__C_1210_3225Metric,Driver:Capacitor_SMD__C_1210_3225Metric,541c2c77-d759-5cc2-8853-5f59e717a17f,保留v0.8,本轮仅授权三组电阻；现型号/装配方式保持
C111,GRM32DR71H335KA88L,C397310,GRM32DR71H335KA88L,C397310,Driver:Capacitor_SMD__C_1210_3225Metric,Driver:Capacitor_SMD__C_1210_3225Metric,9f8fd227-3da7-5a07-b77b-2fd893569fac,保留v0.8,本轮仅授权三组电阻；现型号/装配方式保持
C4,GRM32ER71H106KA12L,C77102,GRM32ER71H106KA12L,C77102,Driver:Capacitor_SMD__C_1210_3225Metric,Driver:Capacitor_SMD__C_1210_3225Metric,f18e56c2-edc3-5a5b-ae94-3804a4507e1f,保留v0.8,本轮仅授权三组电阻；现型号/装配方式保持
C112,GRM32ER71H106KA12L,C77102,GRM32ER71H106KA12L,C77102,Driver:Capacitor_SMD__C_1210_3225Metric,Driver:Capacitor_SMD__C_1210_3225Metric,dcb8df27-decf-5dcc-82e5-d5ec4e2a9067,保留v0.8,本轮仅授权三组电阻；现型号/装配方式保持
C113,GRM32ER71H106KA12L,C77102,GRM32ER71H106KA12L,C77102,Driver:Capacitor_SMD__C_1210_3225Metric,Driver:Capacitor_SMD__C_1210_3225Metric,1fadf000-af65-53f8-88ad-47a74b99a638,保留v0.8,本轮仅授权三组电阻；现型号/装配方式保持
C114,GRM32DR71H335KA88L,C397310,GRM32DR71H335KA88L,C397310,Driver:Capacitor_SMD__C_1210_3225Metric,Driver:Capacitor_SMD__C_1210_3225Metric,d2cb0944-3c12-5839-9d9e-b9b33fc5729f,保留v0.8,本轮仅授权三组电阻；现型号/装配方式保持
C5,GRM32ER71H106KA12L,C77102,GRM32ER71H106KA12L,C77102,Driver:Capacitor_SMD__C_1210_3225Metric,Driver:Capacitor_SMD__C_1210_3225Metric,3d9c6218-b3f1-5c1c-84b1-c08a120e1e4f,保留v0.8,本轮仅授权三组电阻；现型号/装配方式保持
C115,GRM32ER71H106KA12L,C77102,GRM32ER71H106KA12L,C77102,Driver:Capacitor_SMD__C_1210_3225Metric,Driver:Capacitor_SMD__C_1210_3225Metric,7efeacad-21b8-5830-9e85-41c88935036c,保留v0.8,本轮仅授权三组电阻；现型号/装配方式保持
C116,GRM32ER71H106KA12L,C77102,GRM32ER71H106KA12L,C77102,Driver:Capacitor_SMD__C_1210_3225Metric,Driver:Capacitor_SMD__C_1210_3225Metric,2fac4cc1-49bb-5ff7-b9bb-0c197753e801,保留v0.8,本轮仅授权三组电阻；现型号/装配方式保持
C117,GRM32DR71H335KA88L,C397310,GRM32DR71H335KA88L,C397310,Driver:Capacitor_SMD__C_1210_3225Metric,Driver:Capacitor_SMD__C_1210_3225Metric,9725c1de-4add-5dce-83d5-2accb4317982,保留v0.8,本轮仅授权三组电阻；现型号/装配方式保持
C6,GRM32ER71H106KA12L,C77102,GRM32ER71H106KA12L,C77102,Driver:Capacitor_SMD__C_1210_3225Metric,Driver:Capacitor_SMD__C_1210_3225Metric,8992f71f-d261-5c10-af76-78afcd18a9b6,保留v0.8,本轮仅授权三组电阻；现型号/装配方式保持
C118,GRM32ER71H106KA12L,C77102,GRM32ER71H106KA12L,C77102,Driver:Capacitor_SMD__C_1210_3225Metric,Driver:Capacitor_SMD__C_1210_3225Metric,7a3d586c-bccc-5f75-abed-c533bc42fda7,保留v0.8,本轮仅授权三组电阻；现型号/装配方式保持
C119,GRM32ER71H106KA12L,C77102,GRM32ER71H106KA12L,C77102,Driver:Capacitor_SMD__C_1210_3225Metric,Driver:Capacitor_SMD__C_1210_3225Metric,5f71b582-97da-58f5-937e-4c4690e4df5f,保留v0.8,本轮仅授权三组电阻；现型号/装配方式保持
C120,GRM32DR71H335KA88L,C397310,GRM32DR71H335KA88L,C397310,Driver:Capacitor_SMD__C_1210_3225Metric,Driver:Capacitor_SMD__C_1210_3225Metric,080b793d-1c6b-5f70-b8ea-02cfa7b1dad7,保留v0.8,本轮仅授权三组电阻；现型号/装配方式保持
C7,GRM32ER71H106KA12L,C77102,GRM32ER71H106KA12L,C77102,Driver:Capacitor_SMD__C_1210_3225Metric,Driver:Capacitor_SMD__C_1210_3225Metric,fd86e631-e6e3-5786-9b43-b06f5bb1867c,保留v0.8,本轮仅授权三组电阻；现型号/装配方式保持
C8,GRM32ER71H475KA88L,C86052,GRM32ER71H475KA88L,C86052,Driver:Capacitor_SMD__C_1210_3225Metric,Driver:Capacitor_SMD__C_1210_3225Metric,7413fcef-807a-5c53-b23b-50f30462e34c,保留v0.8,本轮仅授权三组电阻；现型号/装配方式保持
C9,GRM21BR71H474KA88L,C86043,GRM21BR71H474KA88L,C86043,Driver:Capacitor_SMD__C_0805_2012Metric,Driver:Capacitor_SMD__C_0805_2012Metric,40e889b4-0104-556b-a1a5-7a6f304e6508,保留v0.8,本轮仅授权三组电阻；现型号/装配方式保持
C10,GRM21BR71H474KA88L,C86043,GRM21BR71H474KA88L,C86043,Driver:Capacitor_SMD__C_0805_2012Metric,Driver:Capacitor_SMD__C_0805_2012Metric,f9e6e286-4320-5a61-b2b5-68517938f61e,保留v0.8,本轮仅授权三组电阻；现型号/装配方式保持
C11,GRM21BR71H474KA88L,C86043,GRM21BR71H474KA88L,C86043,Driver:Capacitor_SMD__C_0805_2012Metric,Driver:Capacitor_SMD__C_0805_2012Metric,f8e130f0-69c4-56f7-a813-84ac4d1aeb56,保留v0.8,本轮仅授权三组电阻；现型号/装配方式保持
R39,0805W8F330JT5E,C17634,0805W8F330JT5E,C17634,Driver:R_0805_HandSolder,Driver:R_0805_HandSolder,434ef3e2-39e7-5068-b739-a39d9de19932,保留v0.8,本轮仅授权三组电阻；现型号/装配方式保持
R40,0805W8F330JT5E,C17634,0805W8F330JT5E,C17634,Driver:R_0805_HandSolder,Driver:R_0805_HandSolder,a3a7bbeb-f84a-5d1c-9f3c-0454f4650fbd,保留v0.8,本轮仅授权三组电阻；现型号/装配方式保持
R41,0805W8F330JT5E,C17634,0805W8F330JT5E,C17634,Driver:R_0805_HandSolder,Driver:R_0805_HandSolder,ae617ab7-ceaa-5aed-8b70-360583dda50e,保留v0.8,本轮仅授权三组电阻；现型号/装配方式保持
R42,0805W8F330JT5E,C17634,0805W8F330JT5E,C17634,Driver:R_0805_HandSolder,Driver:R_0805_HandSolder,63be70d1-f560-5e86-bacc-d8e27c24e8df,保留v0.8,本轮仅授权三组电阻；现型号/装配方式保持
R43,0805W8F330JT5E,C17634,0805W8F330JT5E,C17634,Driver:R_0805_HandSolder,Driver:R_0805_HandSolder,16e534aa-82a2-5a75-8994-31ada11195f4,保留v0.8,本轮仅授权三组电阻；现型号/装配方式保持
R44,0805W8F1003T5E,C149504,0805W8F1003T5E,C149504,Driver:R_0805_HandSolder,Driver:R_0805_HandSolder,242edfe7-23d4-5ed9-8229-c38123ebfaf1,保留v0.8,本轮仅授权三组电阻；现型号/装配方式保持
R45,0805W8F1003T5E,C149504,0805W8F1003T5E,C149504,Driver:R_0805_HandSolder,Driver:R_0805_HandSolder,2498a894-e9f2-5c07-b0b3-69e207a00513,保留v0.8,本轮仅授权三组电阻；现型号/装配方式保持
R46,0805W8F1003T5E,C149504,0805W8F1003T5E,C149504,Driver:R_0805_HandSolder,Driver:R_0805_HandSolder,80001428-51ad-5ef5-8afb-cc3373b88278,保留v0.8,本轮仅授权三组电阻；现型号/装配方式保持
R47,0805W8F1003T5E,C149504,0805W8F1003T5E,C149504,Driver:R_0805_HandSolder,Driver:R_0805_HandSolder,c332d163-18ad-58eb-8549-19580526d324,保留v0.8,本轮仅授权三组电阻；现型号/装配方式保持
R48,0805W8F1003T5E,C149504,0805W8F1003T5E,C149504,Driver:R_0805_HandSolder,Driver:R_0805_HandSolder,4c10d0f4-ce03-54cd-a4f3-19124a18bd09,保留v0.8,本轮仅授权三组电阻；现型号/装配方式保持
J2,SH-PZ254V-2x8P,C55629829,SH-PZ254V-2x8P,C55629829,Driver:Connector_PinHeader_2.54mm__PinHeader_2x08_P2.54mm_Vertical,Driver:Connector_PinHeader_2.54mm__PinHeader_2x08_P2.54mm_Vertical,db18f9de-2ac6-5931-b411-1ba17b47881c,保留v0.8,本轮仅授权三组电阻；现型号/装配方式保持
FPC1,FPC-05FB-60PH20,C2856839,FPC-05FB-60PH20,C2856839,Driver:FPC_05FB_60PH20,Driver:FPC_05FB_60PH20,421be796-a9a9-57bf-b192-48fb8b7626a2,保留v0.8,本轮仅授权三组电阻；现型号/装配方式保持
C36,0805CG102J500NT,C29925,0805CG102J500NT,C29925,Driver:Capacitor_SMD__C_0805_2012Metric,Driver:Capacitor_SMD__C_0805_2012Metric,da1c958d-2286-5c6f-9743-c49344031c99,保留v0.8,本轮仅授权三组电阻；现型号/装配方式保持
R49,0805W8F0000T5E,C17477,0805W8F0000T5E,C17477,Driver:Resistor_SMD__R_0805_2012Metric,Driver:Resistor_SMD__R_0805_2012Metric,2d63a01d-eae5-4563-ab6c-700abc3ead2b,保留v0.8,本轮仅授权三组电阻；现型号/装配方式保持
R50,TC0550F2003T5G,C2989258,0805W8F2003T5E,C17539,Driver:R_0805_HandSolder,Driver:R_0805_HandSolder,f20457d6-8c8e-43b6-bd11-af99237b4887,是,v0.9 three resistor groups only: 200kΩ 0805 1% 125mW 150V; TCR restored 50 to 100ppm/℃; total400k unchanged; drift tradeoff documented
